Height,Weight,Sex,Shifted Height,Shifted Weight,Sex,,Avg height,Avg weight
165.65,35.41,Female,4.299573333,-32.99061,0,,161.3504267,68.40061
148.53,74.45,Female,-12.82042667,6.04939,0,,,
167.04,81.22,Male,5.689573333,12.81939,1,,,
161.54,71.47,Male,0.189573333,3.06939,1,,,
174.31,78.18,Male,12.95957333,9.77939,1,,,
143.05,79.27,Female,-18.30042667,10.86939,0,,,
149.16,63.71,Female,-12.19042667,-4.69061,0,,,
155.8,86.01,Female,-5.550426667,17.60939,0,,,
145.37,88.33,Female,-15.98042667,19.92939,0,,,
162.56,87.36,Male,1.209573333,18.95939,1,,,
163.84,78.58,Male,2.489573333,10.17939,1,,,
172.73,88.08,Male,11.37957333,19.67939,1,,,
142.03,56.3,Female,-19.32042667,-12.10061,0,,,
150.17,53.46,Female,-11.18042667,-14.94061,0,,,
188.62,60.95,Male,27.26957333,-7.45061,1,,,
184.62,72.51,Male,23.26957333,4.10939,1,,,
168.43,86.8,Male,7.079573333,18.39939,1,,,
171.19,54.12,Male,9.839573333,-14.28061,1,,,
137.1,73.36,Female,-24.25042667,4.95939,0,,,
149.42,69.2,Female,-11.93042667,0.79939,0,,,
147.33,56.01,Female,-14.02042667,-12.39061,0,,,
175.14,107.25,Male,13.78957333,38.84939,1,,,
168.04,92.24,Male,6.689573333,23.83939,1,,,
158.54,64.44,Male,-2.810426667,-3.96061,1,,,
138.9,68.75,Female,-22.45042667,0.34939,0,,,
129.27,58.43,Female,-32.08042667,-9.97061,0,,,
173.64,59.52,Female,12.28957333,-8.88061,0,,,
175.26,62.65,Male,13.90957333,-5.75061,1,,,
180.09,44.07,Male,18.73957333,-24.33061,1,,,
144.58,83.36,Female,-16.77042667,14.95939,0,,,
178.76,66.12,Male,17.40957333,-2.28061,1,,,
151.53,91.02,Male,-9.820426667,22.61939,1,,,
168.55,80.2,Male,7.199573333,11.79939,1,,,
160.86,63.68,Male,-0.490426667,-4.72061,1,,,
183.83,62.75,Male,22.47957333,-5.65061,1,,,
179.27,50.04,Male,17.91957333,-18.36061,1,,,
158.89,60.49,Male,-2.460426667,-7.91061,1,,,
124.37,74.57,Female,-36.98042667,6.16939,0,,,
140.42,54.64,Female,-20.93042667,-13.76061,0,,,
155.06,84.34,Male,-6.290426667,15.93939,1,,,
166.62,75.18,Male,5.269573333,6.77939,1,,,
172.96,78.39,Male,11.60957333,9.98939,1,,,
174.34,84.76,Male,12.98957333,16.35939,1,,,
165.09,83.54,Female,3.739573333,15.13939,0,,,
138.09,63.06,Female,-23.26042667,-5.34061,0,,,
141.31,52.13,Female,-20.04042667,-16.27061,0,,,
162.63,65.25,Male,1.279573333,-3.15061,1,,,
178.49,73.67,Male,17.13957333,5.26939,1,,,
165.95,52.42,Male,4.599573333,-15.98061,1,,,
156.92,54.45,Female,-4.430426667,-13.95061,0,,,
135.28,63.91,Female,-26.07042667,-4.49061,0,,,
145.79,68.34,Female,-15.56042667,-0.06061,0,,,
153.9,77.5,Male,-7.450426667,9.09939,1,,,
171.09,87.8,Male,9.739573333,19.39939,1,,,
142.89,73.04,Female,-18.46042667,4.63939,0,,,
159.81,61.4,Female,-1.540426667,-7.00061,0,,,
130.32,52.81,Female,-31.03042667,-15.59061,0,,,
162.79,94.37,Male,1.439573333,25.96939,1,,,
202.67,110.01,Male,41.31957333,41.60939,1,,,
171.81,82.74,Male,10.45957333,14.33939,1,,,
164.36,70.33,Male,3.009573333,1.92939,1,,,
166.39,43.02,Male,5.039573333,-25.38061,1,,,
135.27,54.87,Female,-26.08042667,-13.53061,0,,,
146.8,57.93,Female,-14.55042667,-10.47061,0,,,
147.48,73.7,Male,-13.87042667,5.29939,1,,,
161.79,43.37,Male,0.439573333,-25.03061,1,,,
173.46,98.82,Male,12.10957333,30.41939,1,,,
162.64,63.9,Male,1.289573333,-4.50061,1,,,
185.85,75.22,Male,24.49957333,6.81939,1,,,
133.58,63.28,Female,-27.77042667,-5.12061,0,,,
174.4,80.63,Male,13.04957333,12.22939,1,,,
169,72.22,Male,7.649573333,3.81939,1,,,
165.7,59.89,Male,4.349573333,-8.51061,1,,,
163.96,78.33,Male,2.609573333,9.92939,1,,,
179,61.11,Male,17.64957333,-7.29061,1,,,
165.85,53.76,Female,4.499573333,-14.64061,0,,,
155.24,80.46,Female,-6.110426667,12.05939,0,,,
159.07,71.68,Female,-2.280426667,3.27939,0,,,
147.64,62.48,Female,-13.71042667,-5.92061,0,,,
156.37,86.07,Female,-4.980426667,17.66939,0,,,
168.14,88.04,Male,6.789573333,19.63939,1,,,
156.84,83.14,Male,-4.510426667,14.73939,1,,,
187.53,78.35,Male,26.17957333,9.94939,1,,,
190.75,71.14,Male,29.39957333,2.73939,1,,,
174.11,88.22,Male,12.75957333,19.81939,1,,,
154.95,73.53,Female,-6.400426667,5.12939,0,,,
175.71,64.29,Male,14.35957333,-4.11061,1,,,
159.27,70.23,Female,-2.080426667,1.82939,0,,,
149.4,63.92,Female,-11.95042667,-4.48061,0,,,
181.4,65.29,Male,20.04957333,-3.11061,1,,,
169.6,60.53,Male,8.249573333,-7.87061,1,,,
162.59,111.01,Male,1.239573333,42.60939,1,,,
177.99,66,Male,16.63957333,-2.40061,1,,,
147.03,74.86,Female,-14.32042667,6.45939,0,,,
155.17,56.83,Female,-6.180426667,-11.57061,0,,,
158.12,58.54,Female,-3.230426667,-9.86061,0,,,
153.5,58.89,Female,-7.850426667,-9.51061,0,,,
153.12,76.97,Male,-8.230426667,8.56939,1,,,
161,72.74,Male,-0.350426667,4.33939,1,,,
175.14,78.87,Male,13.78957333,10.46939,1,,,
154.3,80.71,Female,-7.050426667,12.30939,0,,,
150.76,81.39,Female,-10.59042667,12.98939,0,,,
189.32,102.21,Male,27.96957333,33.80939,1,,,
170.51,94.81,Male,9.159573333,26.40939,1,,,
190.74,76.88,Male,29.38957333,8.47939,1,,,
146.94,46.75,Female,-14.41042667,-21.65061,0,,,
148.43,44.27,Female,-12.92042667,-24.13061,0,,,
147.31,64.52,Female,-14.04042667,-3.88061,0,,,
141.6,82.94,Female,-19.75042667,14.53939,0,,,
172.54,76.4,Male,11.18957333,7.99939,1,,,
165.25,71.07,Male,3.899573333,2.66939,1,,,
183.89,102.83,Male,22.53957333,34.42939,1,,,
140.75,52.53,Female,-20.60042667,-15.87061,0,,,
151.89,75.1,Female,-9.460426667,6.69939,0,,,
139.26,57.12,Female,-22.09042667,-11.28061,0,,,
171.68,41.78,Female,10.32957333,-26.62061,0,,,
184.74,63.43,Male,23.38957333,-4.97061,1,,,
159.67,39.85,Male,-1.680426667,-28.55061,1,,,
136.21,60.32,Female,-25.14042667,-8.08061,0,,,
143.93,46.96,Female,-17.42042667,-21.44061,0,,,
176.67,75.08,Male,15.31957333,6.67939,1,,,
163.07,81.95,Male,1.719573333,13.54939,1,,,
140.94,61.15,Female,-20.41042667,-7.25061,0,,,
138.44,72.88,Female,-22.91042667,4.47939,0,,,
137.87,66.45,Female,-23.48042667,-1.95061,0,,,
161.59,48.1,Female,0.239573333,-20.30061,0,,,
143.24,56.04,Female,-18.11042667,-12.36061,0,,,
153.84,81.33,Male,-7.510426667,12.92939,1,,,
175.94,67.79,Male,14.58957333,-0.61061,1,,,
170.48,89.69,Male,9.129573333,21.28939,1,,,
182.99,52.7,Male,21.63957333,-15.70061,1,,,
151.8,57.08,Male,-9.550426667,-11.32061,1,,,
171.97,50.98,Female,10.61957333,-17.42061,0,,,
159.09,61.95,Female,-2.260426667,-6.45061,0,,,
153.81,86.79,Male,-7.540426667,18.38939,1,,,
163.31,59.42,Male,1.959573333,-8.98061,1,,,
168.75,108.43,Male,7.399573333,40.02939,1,,,
158.8,36.87,Male,-2.550426667,-31.53061,1,,,
176.33,91.3,Male,14.97957333,22.89939,1,,,
164.22,94.48,Male,2.869573333,26.07939,1,,,
179.14,83.67,Male,17.78957333,15.26939,1,,,
154.26,81.67,Male,-7.090426667,13.26939,1,,,
153.82,58.05,Female,-7.530426667,-10.35061,0,,,
156.08,39.52,Female,-5.270426667,-28.88061,0,,,
157.08,39.56,Female,-4.270426667,-28.84061,0,,,
154.24,65.25,Female,-7.110426667,-3.15061,0,,,
161.01,57.95,Male,-0.340426667,-10.45061,1,,,
145.98,62.41,Female,-15.37042667,-5.99061,0,,,
149.75,65.69,Female,-11.60042667,-2.71061,0,,,
131.1,48.25,Female,-30.25042667,-20.15061,0,,,
153.05,45.56,Female,-8.300426667,-22.84061,0,,,
172.37,97.62,Female,11.01957333,29.21939,0,,,
146.16,55.88,Female,-15.19042667,-12.52061,0,,,
155.3,69.28,Female,-6.050426667,0.87939,0,,,
161.26,59.2,Female,-0.090426667,-9.20061,0,,,
184.6,79.95,Male,23.24957333,11.54939,1,,,
174.7,91.61,Male,13.34957333,23.20939,1,,,
152.33,65.35,Male,-9.020426667,-3.05061,1,,,
140.53,68.34,Female,-20.82042667,-0.06061,0,,,
151.09,72.36,Female,-10.26042667,3.95939,0,,,
183.01,62.01,Male,21.65957333,-6.39061,1,,,
181.12,75.36,Male,19.76957333,6.95939,1,,,
169.18,46.52,Male,7.829573333,-21.88061,1,,,
187.52,75.56,Male,26.16957333,7.15939,1,,,
148.51,60.02,Female,-12.84042667,-8.38061,0,,,
169.08,80.27,Female,7.729573333,11.86939,0,,,
110.81,80.53,Female,-50.54042667,12.12939,0,,,
141.09,37.78,Female,-20.26042667,-30.62061,0,,,
157.8,52.59,Female,-3.550426667,-15.81061,0,,,
132.22,74.22,Female,-29.13042667,5.81939,0,,,
182.56,41.93,Female,21.20957333,-26.47061,0,,,
169.11,65.72,Male,7.759573333,-2.68061,1,,,
158.21,63.66,Male,-3.140426667,-4.74061,1,,,
172.73,93.31,Male,11.37957333,24.90939,1,,,
177.5,64.77,Male,16.14957333,-3.63061,1,,,
158.79,68.02,Female,-2.560426667,-0.38061,0,,,
152.65,69.14,Female,-8.700426667,0.73939,0,,,
185.58,64.29,Male,24.22957333,-4.11061,1,,,
146.41,75.92,Female,-14.94042667,7.51939,0,,,
160.85,58.64,Female,-0.500426667,-9.76061,0,,,
153.66,59.28,Female,-7.690426667,-9.12061,0,,,
126.92,66.71,Female,-34.43042667,-1.69061,0,,,
163.05,53.67,Male,1.699573333,-14.73061,1,,,
184.15,59.24,Male,22.79957333,-9.16061,1,,,
146.01,54.24,Female,-15.34042667,-14.16061,0,,,
156.5,54.68,Female,-4.850426667,-13.72061,0,,,
187.96,64.63,Male,26.60957333,-3.77061,1,,,
155.18,67.45,Female,-6.170426667,-0.95061,0,,,
143.41,65.98,Female,-17.94042667,-2.42061,0,,,
179.58,87.84,Male,18.22957333,19.43939,1,,,
184,62.46,Male,22.64957333,-5.94061,1,,,
186.31,67.29,Male,24.95957333,-1.11061,1,,,
185.85,80.42,Male,24.49957333,12.01939,1,,,
170.72,58.94,Male,9.369573333,-9.46061,1,,,
140.86,58.8,Female,-20.49042667,-9.60061,0,,,
140.3,55.31,Female,-21.05042667,-13.09061,0,,,
143.47,58.03,Female,-17.88042667,-10.37061,0,,,
146.13,58.46,Male,-15.22042667,-9.94061,1,,,
173.27,92.95,Male,11.91957333,24.54939,1,,,
158.03,71.42,Female,-3.320426667,3.01939,0,,,
159.95,57.91,Male,-1.400426667,-10.49061,1,,,
169.88,97.47,Male,8.529573333,29.06939,1,,,
152.08,77.75,Male,-9.270426667,9.34939,1,,,
178,76.26,Male,16.64957333,7.85939,1,,,
142.37,57.97,Female,-18.98042667,-10.43061,0,,,
158.06,61.7,Female,-3.290426667,-6.70061,0,,,
171.2,69.52,Male,9.849573333,1.11939,1,,,
173.91,86.33,Male,12.55957333,17.92939,1,,,
164.75,73.36,Male,3.399573333,4.95939,1,,,
131.18,78.22,Female,-30.17042667,9.81939,0,,,
146.41,70.16,Female,-14.94042667,1.75939,0,,,
142.98,49.72,Female,-18.37042667,-18.68061,0,,,
154.81,87.17,Female,-6.540426667,18.76939,0,,,
135.19,54.28,Female,-26.16042667,-14.12061,0,,,
177.56,58.18,Male,16.20957333,-10.22061,1,,,
135.67,75.47,Female,-25.68042667,7.06939,0,,,
152.16,69.69,Female,-9.190426667,1.28939,0,,,
175.17,70.73,Male,13.81957333,2.32939,1,,,
179.54,64.94,Male,18.18957333,-3.46061,1,,,
166.9,87.86,Male,5.549573333,19.45939,1,,,
181.71,85.89,Male,20.35957333,17.48939,1,,,
143.75,68.4,Female,-17.60042667,-0.00061,0,,,
145.65,48.34,Female,-15.70042667,-20.06061,0,,,
146.47,53.41,Female,-14.88042667,-14.99061,0,,,
144.85,71.17,Female,-16.50042667,2.76939,0,,,
158.77,80.93,Male,-2.580426667,12.52939,1,,,
183.28,73.21,Male,21.92957333,4.80939,1,,,
149.47,76.71,Female,-11.88042667,8.30939,0,,,
149.86,43.75,Female,-11.49042667,-24.65061,0,,,
142.25,64.26,Female,-19.10042667,-4.14061,0,,,
174.77,75.83,Male,13.41957333,7.42939,1,,,
168.92,60.85,Male,7.569573333,-7.55061,1,,,
146.09,81.58,Female,-15.26042667,13.17939,0,,,
129.07,62.75,Female,-32.28042667,-5.65061,0,,,
157.75,67.06,Female,-3.600426667,-1.34061,0,,,
179.77,100.86,Male,18.41957333,32.45939,1,,,
166.64,75,Male,5.289573333,6.59939,1,,,
176.85,94.72,Male,15.49957333,26.31939,1,,,
177.26,75.32,Male,15.90957333,6.91939,1,,,
162.92,68.25,Male,1.569573333,-0.15061,1,,,
134.49,70.15,Female,-26.86042667,1.74939,0,,,
154.64,84.86,Female,-6.710426667,16.45939,0,,,
157.19,59.4,Female,-4.160426667,-9.00061,0,,,
163.08,72.81,Male,1.729573333,4.40939,1,,,
153.35,71.34,Female,-8.000426667,2.93939,0,,,
156.75,78.53,Male,-4.600426667,10.12939,1,,,
176.93,58.26,Male,15.57957333,-10.14061,1,,,
168.36,44.6,Male,7.009573333,-23.80061,1,,,
160.58,76.69,Male,-0.770426667,8.28939,1,,,
153.54,48.62,Female,-7.810426667,-19.78061,0,,,
173.22,60.05,Female,11.86957333,-8.35061,0,,,
169.35,29.48,Female,7.999573333,-38.92061,0,,,
169.98,54.58,Male,8.629573333,-13.82061,1,,,
173.67,83.75,Male,12.31957333,15.34939,1,,,
159.18,63.56,Male,-2.170426667,-4.84061,1,,,
150.21,63.15,Female,-11.14042667,-5.25061,0,,,
145.25,57.86,Female,-16.10042667,-10.54061,0,,,
165.26,62.84,Female,3.909573333,-5.56061,0,,,
144.22,40.09,Female,-17.13042667,-28.31061,0,,,
167.08,43.74,Female,5.729573333,-24.66061,0,,,
151.54,64.58,Female,-9.810426667,-3.82061,0,,,
151,58.31,Female,-10.35042667,-10.09061,0,,,
169.78,92.55,Male,8.429573333,24.14939,1,,,
171.48,40.97,Male,10.12957333,-27.43061,1,,,
170.06,64.39,Male,8.709573333,-4.01061,1,,,
156.45,79.48,Male,-4.900426667,11.07939,1,,,
178.37,89.41,Male,17.01957333,21.00939,1,,,
164.6,66.9,Female,3.249573333,-1.50061,0,,,
156.93,72.25,Female,-4.420426667,3.84939,0,,,
179.43,101.72,Male,18.07957333,33.31939,1,,,
148.56,88.7,Male,-12.79042667,20.29939,1,,,
158.22,101.08,Male,-3.130426667,32.67939,1,,,
146.44,48.99,Female,-14.91042667,-19.41061,0,,,
150.67,58.18,Female,-10.68042667,-10.22061,0,,,
141.97,33.68,Female,-19.38042667,-34.72061,0,,,
133.53,58.18,Female,-27.82042667,-10.22061,0,,,
156.53,58.97,Male,-4.820426667,-9.43061,1,,,
175.22,78.74,Male,13.86957333,10.33939,1,,,
170.04,64.46,Male,8.689573333,-3.94061,1,,,
170.48,99.23,Male,9.129573333,30.82939,1,,,
167.44,63.57,Male,6.089573333,-4.83061,1,,,
182.78,74.66,Male,21.42957333,6.25939,1,,,
153.69,44.64,Female,-7.660426667,-23.76061,0,,,
153.16,39,Female,-8.190426667,-29.40061,0,,,
153.21,51.57,Female,-8.140426667,-16.83061,0,,,
176.83,74.99,Male,15.47957333,6.58939,1,,,
173.51,81.52,Male,12.15957333,13.11939,1,,,
164.56,90.58,Male,3.209573333,22.17939,1,,,
152.94,76.49,Male,-8.410426667,8.08939,1,,,
144.32,57.76,Female,-17.03042667,-10.64061,0,,,
161.08,57.67,Female,-0.270426667,-10.73061,0,,,
160.09,66.63,Female,-1.260426667,-1.77061,0,,,
152.61,52.5,Female,-8.740426667,-15.90061,0,,,
190.99,73.92,Male,29.63957333,5.51939,1,,,
174.22,81.02,Male,12.86957333,12.61939,1,,,
169.95,99.77,Male,8.599573333,31.36939,1,,,
175.99,86.24,Male,14.63957333,17.83939,1,,,
177.47,104.04,Male,16.11957333,35.63939,1,,,
177.29,65.14,Male,15.93957333,-3.26061,1,,,
146.52,60.22,Female,-14.83042667,-8.18061,0,,,
148.4,52.44,Female,-12.95042667,-15.96061,0,,,
160.24,57.51,Female,-1.110426667,-10.89061,0,,,
166.54,69.98,Male,5.189573333,1.57939,1,,,
167.28,82.38,Male,5.929573333,13.97939,1,,,
177.36,66.09,Male,16.00957333,-2.31061,1,,,
148.54,92.81,Female,-12.81042667,24.40939,0,,,
125.81,76.33,Female,-35.54042667,7.92939,0,,,
146.15,59.21,Female,-15.20042667,-9.19061,0,,,
142.74,74.35,Female,-18.61042667,5.94939,0,,,
134.98,51.96,Female,-26.37042667,-16.44061,0,,,
164.7,63.32,Male,3.349573333,-5.08061,1,,,
157.07,61.64,Male,-4.280426667,-6.76061,1,,,
161.74,76.15,Male,0.389573333,7.74939,1,,,
153.11,81.39,Female,-8.240426667,12.98939,0,,,
167.43,55.59,Female,6.079573333,-12.81061,0,,,
174.61,99.74,Male,13.25957333,31.33939,1,,,
168.45,96.57,Male,7.099573333,28.16939,1,,,
179.37,84.29,Male,18.01957333,15.88939,1,,,
178.5,90.38,Male,17.14957333,21.97939,1,,,
160.86,82.68,Male,-0.490426667,14.27939,1,,,
139.55,70.5,Female,-21.80042667,2.09939,0,,,
164.1,71.74,Female,2.749573333,3.33939,0,,,
135.02,67.43,Female,-26.33042667,-0.97061,0,,,
139.03,71.68,Female,-22.32042667,3.27939,0,,,
138.17,48.11,Female,-23.18042667,-20.29061,0,,,
172.69,47.27,Male,11.33957333,-21.13061,1,,,
151.25,85.99,Male,-10.10042667,17.58939,1,,,
157.14,98.12,Male,-4.210426667,29.71939,1,,,
154.47,65.7,Female,-6.880426667,-2.70061,0,,,
149.21,91.41,Female,-12.14042667,23.00939,0,,,
173.12,58.35,Female,11.76957333,-10.05061,0,,,
149.27,62.62,Female,-12.08042667,-5.78061,0,,,
154.04,54.61,Female,-7.310426667,-13.79061,0,,,
168.04,71.9,Male,6.689573333,3.49939,1,,,
176.36,95.94,Male,15.00957333,27.53939,1,,,
165.27,58.08,Male,3.919573333,-10.32061,1,,,
184.18,63.08,Male,22.82957333,-5.32061,1,,,
156.65,64.97,Female,-4.700426667,-3.43061,0,,,
148.33,65.21,Female,-13.02042667,-3.19061,0,,,
156.7,67.25,Female,-4.650426667,-1.15061,0,,,
200.42,92.09,Male,39.06957333,23.68939,1,,,
148.56,81.62,Male,-12.79042667,13.21939,1,,,
165.59,33.18,Male,4.239573333,-35.22061,1,,,
158.91,67.66,Female,-2.440426667,-0.74061,0,,,
156.35,57.66,Female,-5.000426667,-10.74061,0,,,
161.06,52.13,Female,-0.290426667,-16.27061,0,,,
159.08,70.6,Female,-2.270426667,2.19939,0,,,
157.87,85.82,Female,-3.480426667,17.41939,0,,,
178.2,71.57,Male,16.84957333,3.16939,1,,,
179.05,90.25,Male,17.69957333,21.84939,1,,,
175.28,57.98,Male,13.92957333,-10.42061,1,,,
171.21,74.94,Male,9.859573333,6.53939,1,,,
176.12,69.91,Male,14.76957333,1.50939,1,,,
155.43,97.98,Male,-5.920426667,29.57939,1,,,
155.9,61.72,Male,-5.450426667,-6.68061,1,,,
147.82,54.45,Female,-13.53042667,-13.95061,0,,,
134.01,65.26,Female,-27.34042667,-3.14061,0,,,
141.45,62.94,Female,-19.90042667,-5.46061,0,,,
131.12,62.81,Female,-30.23042667,-5.59061,0,,,
140.01,84.12,Female,-21.34042667,15.71939,0,,,
150.52,74.49,Female,-10.83042667,6.08939,0,,,
158.61,88.82,Male,-2.740426667,20.41939,1,,,
163.3,104.58,Male,1.949573333,36.17939,1,,,
140.79,62.45,Male,-20.56042667,-5.95061,1,,,
176,98.52,Male,14.64957333,30.11939,1,,,
159.88,75.61,Female,-1.470426667,7.20939,0,,,
175.4,76.57,Male,14.04957333,8.16939,1,,,
160.34,76.06,Male,-1.010426667,7.65939,1,,,
190.94,55.79,Male,29.58957333,-12.61061,1,,,
167.89,88.86,Male,6.539573333,20.45939,1,,,
177.36,73.7,Male,16.00957333,5.29939,1,,,
168.78,68.27,Male,7.429573333,-0.13061,1,,,
171.76,90.23,Male,10.40957333,21.82939,1,,,
141.4,68.61,Female,-19.95042667,0.20939,0,,,
137.42,53.22,Female,-23.93042667,-15.18061,0,,,
161.96,70.54,Female,0.609573333,2.13939,0,,,
165.13,55.05,Male,3.779573333,-13.35061,1,,,
171.13,77.79,Male,9.779573333,9.38939,1,,,
158.79,66.75,Female,-2.560426667,-1.65061,0,,,
157.47,62.17,Female,-3.880426667,-6.23061,0,,,
155.13,51.06,Female,-6.220426667,-17.34061,0,,,
162.11,56.35,Female,0.759573333,-12.05061,0,,,
157.3,58.24,Female,-4.050426667,-10.16061,0,,,
139.14,51.78,Female,-22.21042667,-16.62061,0,,,
175.67,71.64,Male,14.31957333,3.23939,1,,,
173.34,72.93,Male,11.98957333,4.52939,1,,,
145.49,43.44,Female,-15.86042667,-24.96061,0,,,
156.48,64,Female,-4.870426667,-4.40061,0,,,
146.23,81.8,Female,-15.12042667,13.39939,0,,,
132.76,66.2,Female,-28.59042667,-2.20061,0,,,
142.25,83.66,Female,-19.10042667,15.25939,0,,,
178.77,65.28,Male,17.41957333,-3.12061,1,,,
165.1,47.33,Male,3.749573333,-21.07061,1,,,
166.56,62.39,Male,5.209573333,-6.01061,1,,,
163.21,87.84,Male,1.859573333,19.43939,1,,,
143.55,88,Male,-17.80042667,19.59939,1,,,
141.05,66.76,Female,-20.30042667,-1.64061,0,,,
137.27,60.2,Female,-24.08042667,-8.20061,0,,,
161.47,67.03,Male,0.119573333,-1.37061,1,,,
179.57,80.47,Male,18.21957333,12.06939,1,,,
177.22,63.66,Male,15.86957333,-4.74061,1,,,
153.93,72.61,Male,-7.420426667,4.20939,1,,,
160.53,63.31,Female,-0.820426667,-5.09061,0,,,
148.88,81.01,Female,-12.47042667,12.60939,0,,,
164.37,71.42,Female,3.019573333,3.01939,0,,,
175.62,83.99,Male,14.26957333,15.58939,1,,,
178.62,80.94,Male,17.26957333,12.53939,1,,,
174.33,91.15,Male,12.97957333,22.74939,1,,,
180.87,75.98,Male,19.51957333,7.57939,1,,,
152.29,49.65,Female,-9.060426667,-18.75061,0,,,
151.43,62.83,Female,-9.920426667,-5.57061,0,,,
152.28,77.08,Female,-9.070426667,8.67939,0,,,
154.66,48.5,Female,-6.690426667,-19.90061,0,,,
158.65,80.3,Female,-2.700426667,11.89939,0,,,
139.12,57.1,Female,-22.23042667,-11.30061,0,,,
157.23,69.38,Male,-4.120426667,0.97939,1,,,
155.66,68.18,Female,-5.690426667,-0.22061,0,,,
144.51,72.26,Female,-16.84042667,3.85939,0,,,
147.57,64.44,Female,-13.78042667,-3.96061,0,,,
139.96,71,Female,-21.39042667,2.59939,0,,,
143.17,81.15,Female,-18.18042667,12.74939,0,,,
144.28,59.36,Female,-17.07042667,-9.04061,0,,,
169.95,81.65,Male,8.599573333,13.24939,1,,,
179.4,89.32,Male,18.04957333,20.91939,1,,,
178.54,75.1,Male,17.18957333,6.69939,1,,,
144.06,81.77,Female,-17.29042667,13.36939,0,,,
137.69,60.13,Female,-23.66042667,-8.27061,0,,,
158.6,64.21,Female,-2.750426667,-4.19061,0,,,
156.95,80.99,Male,-4.400426667,12.58939,1,,,
200.45,98.51,Male,39.09957333,30.10939,1,,,
167.42,63.36,Male,6.069573333,-5.04061,1,,,
157.52,62.54,Female,-3.830426667,-5.86061,0,,,
158.89,65.87,Female,-2.460426667,-2.53061,0,,,
172.14,95.25,Female,10.78957333,26.84939,0,,,
148.35,70.62,Male,-13.00042667,2.21939,1,,,
169.72,71.49,Male,8.369573333,3.08939,1,,,
153.64,70.97,Male,-7.710426667,2.56939,1,,,
156.82,61.65,Male,-4.530426667,-6.75061,1,,,
171.01,100.84,Male,9.659573333,32.43939,1,,,
186.56,72.53,Male,25.20957333,4.12939,1,,,
154.46,43.66,Female,-6.890426667,-24.74061,0,,,
149.23,62.44,Female,-12.12042667,-5.96061,0,,,
159.53,52.87,Female,-1.820426667,-15.53061,0,,,
149.31,76.89,Female,-12.04042667,8.48939,0,,,
150.38,54.96,Female,-10.97042667,-13.44061,0,,,
144.03,60.84,Female,-17.32042667,-7.56061,0,,,
172.25,55.1,Female,10.89957333,-13.30061,0,,,
166.83,86.57,Male,5.479573333,18.16939,1,,,
146.97,74.75,Male,-14.38042667,6.34939,1,,,
152.16,85.93,Male,-9.190426667,17.52939,1,,,
146.02,43.19,Female,-15.33042667,-25.21061,0,,,
150.02,59.61,Female,-11.33042667,-8.79061,0,,,
162.93,88.16,Male,1.579573333,19.75939,1,,,
164.99,93.5,Male,3.639573333,25.09939,1,,,
182.54,91.86,Male,21.18957333,23.45939,1,,,
147.14,45.38,Female,-14.21042667,-23.02061,0,,,
167.13,56.11,Male,5.779573333,-12.29061,1,,,
162.45,64.92,Male,1.099573333,-3.48061,1,,,
181.2,22.4,Male,19.84957333,-46.00061,1,,,
164.56,51.84,Male,3.209573333,-16.56061,1,,,
175.5,64.03,Male,14.14957333,-4.37061,1,,,
160.82,50.22,Female,-0.530426667,-18.18061,0,,,
154.26,70.04,Female,-7.090426667,1.63939,0,,,
180.82,98.12,Male,19.46957333,29.71939,1,,,
174.52,93.17,Male,13.16957333,24.76939,1,,,
175.03,58.02,Male,13.67957333,-10.38061,1,,,
182.38,74.65,Male,21.02957333,6.24939,1,,,
144.68,47.65,Female,-16.67042667,-20.75061,0,,,
157.93,47.64,Female,-3.420426667,-20.76061,0,,,
157.05,70.48,Female,-4.300426667,2.07939,0,,,
149.59,61.75,Female,-11.76042667,-6.65061,0,,,
176.79,71.89,Male,15.43957333,3.48939,1,,,
163.76,75.8,Male,2.409573333,7.39939,1,,,
171.1,69.22,Female,9.749573333,0.81939,0,,,
126.97,67,Female,-34.38042667,-1.40061,0,,,
170.17,80.69,Male,8.819573333,12.28939,1,,,
160.86,58.8,Male,-0.490426667,-9.60061,1,,,
134.74,70.74,Female,-26.61042667,2.33939,0,,,
162.13,59.92,Female,0.779573333,-8.48061,0,,,
132.1,54.17,Female,-29.25042667,-14.23061,0,,,
134.44,25.5,Female,-26.91042667,-42.90061,0,,,
122.5,45.81,Female,-38.85042667,-22.59061,0,,,
137.74,64.94,Female,-23.61042667,-3.46061,0,,,
166.3,67.96,Male,4.949573333,-0.44061,1,,,
154.05,68.43,Female,-7.300426667,0.02939,0,,,
158.69,72.18,Male,-2.660426667,3.77939,1,,,
163.26,60.35,Male,1.909573333,-8.05061,1,,,
163.23,48.66,Male,1.879573333,-19.74061,1,,,
164.57,92.37,Male,3.219573333,23.96939,1,,,
188.35,74.13,Male,26.99957333,5.72939,1,,,
173.27,80.98,Male,11.91957333,12.57939,1,,,
159.88,53.42,Female,-1.470426667,-14.98061,0,,,
165.01,62.52,Female,3.659573333,-5.88061,0,,,
160.78,81.59,Female,-0.570426667,13.18939,0,,,
147.37,48.37,Female,-13.98042667,-20.03061,0,,,
177.71,70.76,Male,16.35957333,2.35939,1,,,
164.29,63.88,Male,2.939573333,-4.52061,1,,,
171.62,57.53,Male,10.26957333,-10.87061,1,,,
183.78,79.9,Male,22.42957333,11.49939,1,,,
170.37,78.66,Male,9.019573333,10.25939,1,,,
153.69,67.01,Female,-7.660426667,-1.39061,0,,,
145.97,60.17,Female,-15.38042667,-8.23061,0,,,
137.34,60.01,Female,-24.01042667,-8.39061,0,,,
146.9,60.19,Female,-14.45042667,-8.21061,0,,,
166.05,58.08,Female,4.699573333,-10.32061,0,,,
185.04,83.9,Male,23.68957333,15.49939,1,,,
138.42,56.33,Female,-22.93042667,-12.07061,0,,,
160.21,60.27,Male,-1.140426667,-8.13061,1,,,
176.58,91.75,Male,15.22957333,23.34939,1,,,
164.82,46.78,Male,3.469573333,-21.62061,1,,,
142.81,60.23,Female,-18.54042667,-8.17061,0,,,
154.99,60.83,Female,-6.360426667,-7.57061,0,,,
155.62,53.7,Female,-5.730426667,-14.70061,0,,,
141.28,41.34,Female,-20.07042667,-27.06061,0,,,
124.8,55.6,Female,-36.55042667,-12.80061,0,,,
179.55,65.47,Male,18.19957333,-2.93061,1,,,
170.37,80.14,Male,9.019573333,11.73939,1,,,
147.09,59.4,Male,-14.26042667,-9.00061,1,,,
175.47,92.24,Male,14.11957333,23.83939,1,,,
179.51,71.78,Male,18.15957333,3.37939,1,,,
184.66,71.12,Male,23.30957333,2.71939,1,,,
150,61.61,Female,-11.35042667,-6.79061,0,,,
153.14,56.27,Female,-8.210426667,-12.13061,0,,,
145.27,64.31,Female,-16.08042667,-4.09061,0,,,
146.44,39.18,Female,-14.91042667,-29.22061,0,,,
169.23,62.52,Male,7.879573333,-5.88061,1,,,
149.29,54.02,Female,-12.06042667,-14.38061,0,,,
160.7,68.59,Female,-0.650426667,0.18939,0,,,
169.22,62.08,Male,7.869573333,-6.32061,1,,,
178.54,77.47,Male,17.18957333,9.06939,1,,,
153,71.48,Male,-8.350426667,3.07939,1,,,
165.7,72.21,Male,4.349573333,3.80939,1,,,
138.86,77.1,Female,-22.49042667,8.69939,0,,,
135.57,49.18,Female,-25.78042667,-19.22061,0,,,
158.27,68.5,Male,-3.080426667,0.09939,1,,,
180.53,100.69,Male,19.17957333,32.28939,1,,,
148.59,96.66,Male,-12.76042667,28.25939,1,,,
164.62,62.73,Male,3.269573333,-5.67061,1,,,
171.69,65.18,Male,10.33957333,-3.22061,1,,,
155.38,56.2,Female,-5.970426667,-12.20061,0,,,
163.92,68.82,Female,2.569573333,0.41939,0,,,
143.58,61.51,Female,-17.77042667,-6.89061,0,,,
163.96,64.89,Female,2.609573333,-3.51061,0,,,
157.96,63.22,Male,-3.390426667,-5.18061,1,,,
150.3,68.85,Female,-11.05042667,0.44939,0,,,
166.37,50.55,Female,5.019573333,-17.85061,0,,,
170.68,84.27,Male,9.329573333,15.86939,1,,,
173.55,90.62,Male,12.19957333,22.21939,1,,,
145.88,64.07,Female,-15.47042667,-4.33061,0,,,
147.93,71.29,Female,-13.42042667,2.88939,0,,,
147.96,43.76,Female,-13.39042667,-24.64061,0,,,
160.24,91.12,Male,-1.110426667,22.71939,1,,,
185.94,70.24,Male,24.58957333,1.83939,1,,,
175.12,83,Male,13.76957333,14.59939,1,,,
182.02,67,Male,20.66957333,-1.40061,1,,,
172.24,86.04,Male,10.88957333,17.63939,1,,,
165.88,69.86,Male,4.529573333,1.45939,1,,,
136.21,76.65,Female,-25.14042667,8.24939,0,,,
148.08,49.96,Female,-13.27042667,-18.44061,0,,,
159.9,46.36,Female,-1.450426667,-22.04061,0,,,
176.97,81.72,Male,15.61957333,13.31939,1,,,
169.88,87.5,Male,8.529573333,19.09939,1,,,
180.63,92.13,Male,19.27957333,23.72939,1,,,
169.99,64.93,Male,8.639573333,-3.47061,1,,,
166.02,51.23,Female,4.669573333,-17.17061,0,,,
146.32,64.31,Female,-15.03042667,-4.09061,0,,,
163.08,115.18,Male,1.729573333,46.77939,1,,,
179.05,71.73,Male,17.69957333,3.32939,1,,,
154.43,72.23,Female,-6.920426667,3.82939,0,,,
151.3,68.12,Female,-10.05042667,-0.28061,0,,,
153.41,46.39,Female,-7.940426667,-22.01061,0,,,
154.97,70.42,Female,-6.380426667,2.01939,0,,,
144.32,42.22,Female,-17.03042667,-26.18061,0,,,
163.65,91.44,Male,2.299573333,23.03939,1,,,
174.61,62.65,Male,13.25957333,-5.75061,1,,,
172.6,107.18,Male,11.24957333,38.77939,1,,,
157.52,49.18,Male,-3.830426667,-19.22061,1,,,
133.11,47.9,Female,-28.24042667,-20.50061,0,,,
126.64,62.6,Female,-34.71042667,-5.80061,0,,,
140.07,57.88,Female,-21.28042667,-10.52061,0,,,
174.88,73.12,Male,13.52957333,4.71939,1,,,
161.43,60.27,Female,0.079573333,-8.13061,0,,,
190.23,75.1,Male,28.87957333,6.69939,1,,,
177.11,80.56,Male,15.75957333,12.15939,1,,,
170.65,47.03,Male,9.299573333,-21.37061,1,,,
151.32,59.83,Female,-10.03042667,-8.57061,0,,,
162.43,92.97,Male,1.079573333,24.56939,1,,,
173.52,66.44,Male,12.16957333,-1.96061,1,,,
146.89,45.56,Female,-14.46042667,-22.84061,0,,,
147.41,78.43,Female,-13.94042667,10.02939,0,,,
164.81,90.42,Male,3.459573333,22.01939,1,,,
161.95,55.73,Female,0.599573333,-12.67061,0,,,
3050,39.16,Female,2888.649573,-29.24061,0,,,
177.41,76.17,Male,16.05957333,7.76939,1,,,
174.52,85.34,Male,13.16957333,16.93939,1,,,
163.66,71.15,Male,2.309573333,2.74939,1,,,
181.62,73.81,Male,20.26957333,5.40939,1,,,
153.47,64.68,Female,-7.880426667,-3.72061,0,,,
154.53,80.57,Female,-6.820426667,12.16939,0,,,
157.17,53.26,Female,-4.180426667,-15.14061,0,,,
131.38,68.44,Female,-29.97042667,0.03939,0,,,
161.07,31.75,Female,-0.280426667,-36.65061,0,,,
167.87,69.69,Male,6.519573333,1.28939,1,,,
173.34,59.42,Male,11.98957333,-8.98061,1,,,
173.28,98.7,Male,11.92957333,30.29939,1,,,
165.68,46.3,Male,4.329573333,-22.10061,1,,,
153.33,73.61,Male,-8.020426667,5.20939,1,,,
151.58,38.47,Female,-9.770426667,-29.93061,0,,,
171.97,42.83,Female,10.61957333,-25.57061,0,,,
134.92,39.84,Female,-26.43042667,-28.56061,0,,,
150.8,71.5,Female,-10.55042667,3.09939,0,,,
132.54,60.02,Female,-28.81042667,-8.38061,0,,,
160.86,93.33,Male,-0.490426667,24.92939,1,,,
171.87,101.19,Male,10.51957333,32.78939,1,,,
142.3,60.44,Female,-19.05042667,-7.96061,0,,,
164.88,50.62,Female,3.529573333,-17.78061,0,,,
167.53,45.83,Female,6.179573333,-22.57061,0,,,
126.23,54.74,Female,-35.12042667,-13.66061,0,,,
169.76,57.93,Male,8.409573333,-10.47061,1,,,
170.41,95.04,Male,9.059573333,26.63939,1,,,
173.6,66.58,Male,12.24957333,-1.82061,1,,,
148.7,66.33,Female,-12.65042667,-2.07061,0,,,
141.16,68.23,Female,-20.19042667,-0.17061,0,,,
140.48,45.18,Female,-20.87042667,-23.22061,0,,,
168.46,37.38,Female,7.109573333,-31.02061,0,,,
155.98,74.85,Male,-5.370426667,6.44939,1,,,
135.67,59.73,Female,-25.68042667,-8.67061,0,,,
138.57,66.35,Female,-22.78042667,-2.05061,0,,,
161.53,58.2,Female,0.179573333,-10.20061,0,,,
164.95,59.01,Male,3.599573333,-9.39061,1,,,
134.36,63.06,Female,-26.99042667,-5.34061,0,,,
152.38,50.98,Female,-8.970426667,-17.42061,0,,,
189.78,65,Male,28.42957333,-3.40061,1,,,
182.59,69.32,Male,21.23957333,0.91939,1,,,
172.7,80.48,Male,11.34957333,12.07939,1,,,
146.7,87.72,Male,-14.65042667,19.31939,1,,,
154.77,73.45,Male,-6.580426667,5.04939,1,,,
151.98,78.55,Female,-9.370426667,10.14939,0,,,
144.22,77.71,Female,-17.13042667,9.30939,0,,,
131.81,68.16,Female,-29.54042667,-0.24061,0,,,
174.6,55.84,Male,13.24957333,-12.56061,1,,,
176.06,60.2,Male,14.70957333,-8.20061,1,,,
177.54,87.38,Male,16.18957333,18.97939,1,,,
161.42,67.31,Female,0.069573333,-1.09061,0,,,
163.98,60.56,Female,2.629573333,-7.84061,0,,,
151.45,71.6,Female,-9.900426667,3.19939,0,,,
166.56,91.67,Female,5.209573333,23.26939,0,,,
164.23,47.14,Female,2.879573333,-21.26061,0,,,
131.93,71.16,Female,-29.42042667,2.75939,0,,,
179.46,91.73,Male,18.10957333,23.32939,1,,,
174.11,75.87,Male,12.75957333,7.46939,1,,,
161.52,101.57,Male,0.169573333,33.16939,1,,,
154.74,64.53,Female,-6.610426667,-3.87061,0,,,
147.49,51.36,Female,-13.86042667,-17.04061,0,,,
154.2,73.94,Female,-7.150426667,5.53939,0,,,
192.72,61.43,Male,31.36957333,-6.97061,1,,,
183.98,87.37,Male,22.62957333,18.96939,1,,,
172.4,69.83,Male,11.04957333,1.42939,1,,,
183.34,62.63,Male,21.98957333,-5.77061,1,,,
166.79,102.45,Male,5.439573333,34.04939,1,,,
174.91,69.23,Male,13.55957333,0.82939,1,,,
145.86,43.67,Female,-15.49042667,-24.73061,0,,,
160.13,65.9,Female,-1.220426667,-2.50061,0,,,
170.25,81.59,Male,8.899573333,13.18939,1,,,
158.07,88.2,Male,-3.280426667,19.79939,1,,,
186.2,71.22,Male,24.84957333,2.81939,1,,,
179.16,89.29,Male,17.80957333,20.88939,1,,,
168.69,84,Female,7.339573333,15.59939,0,,,
134.61,71.45,Female,-26.74042667,3.04939,0,,,
169.49,65.55,Female,8.139573333,-2.85061,0,,,
160.21,90.34,Female,-1.140426667,21.93939,0,,,
159.3,75.94,Male,-2.050426667,7.53939,1,,,
176.63,92.94,Male,15.27957333,24.53939,1,,,
172.77,76.16,Male,11.41957333,7.75939,1,,,
132.89,88.32,Female,-28.46042667,19.91939,0,,,
141.82,60.46,Female,-19.53042667,-7.94061,0,,,
150.01,73.75,Female,-11.34042667,5.34939,0,,,
171.6,72.51,Female,10.24957333,4.10939,0,,,
155.12,71.19,Female,-6.230426667,2.78939,0,,,
151.28,62.58,Female,-10.07042667,-5.82061,0,,,
164.6,72.1,Male,3.249573333,3.69939,1,,,
157.03,50.46,Female,-4.320426667,-17.94061,0,,,
124.91,75.96,Female,-36.44042667,7.55939,0,,,
144.02,76.88,Female,-17.33042667,8.47939,0,,,
175.61,81.23,Male,14.25957333,12.82939,1,,,
181.14,83.77,Male,19.78957333,15.36939,1,,,
190.65,42.22,Male,29.29957333,-26.18061,1,,,
195.93,83.22,Male,34.57957333,14.81939,1,,,
167.02,78.84,Male,5.669573333,10.43939,1,,,
148.6,68.19,Female,-12.75042667,-0.21061,0,,,
133.25,70.23,Female,-28.10042667,1.82939,0,,,
140.72,59.4,Female,-20.63042667,-9.00061,0,,,
178.8,68.24,Male,17.44957333,-0.16061,1,,,
198.57,65.99,Male,37.21957333,-2.41061,1,,,
166.09,80.55,Male,4.739573333,12.14939,1,,,
174.26,90.37,Male,12.90957333,21.96939,1,,,
173.85,74.65,Male,12.49957333,6.24939,1,,,
157.48,62.53,Female,-3.870426667,-5.87061,0,,,
147.33,59.92,Female,-14.02042667,-8.48061,0,,,
163.5,71.14,Male,2.149573333,2.73939,1,,,
177.37,101.32,Male,16.01957333,32.91939,1,,,
155.81,98.82,Male,-5.540426667,30.41939,1,,,
136.76,75.84,Female,-24.59042667,7.43939,0,,,
140.89,72.76,Female,-20.46042667,4.35939,0,,,
161.79,47.18,Female,0.439573333,-21.22061,0,,,
166.94,51.87,Female,5.589573333,-16.53061,0,,,
138.65,44.33,Female,-22.70042667,-24.07061,0,,,
147,60.43,Female,-14.35042667,-7.97061,0,,,
121.75,50.61,Female,-39.60042667,-17.79061,0,,,
176.91,48.75,Male,15.55957333,-19.65061,1,,,
147.31,51.34,Female,-14.04042667,-17.06061,0,,,
140.68,52.76,Female,-20.67042667,-15.64061,0,,,
153.94,61.44,Female,-7.410426667,-6.96061,0,,,
177.71,92.83,Male,16.35957333,24.42939,1,,,
162.39,86.02,Male,1.039573333,17.61939,1,,,
173.68,52.16,Male,12.32957333,-16.24061,1,,,
164.48,61.84,Male,3.129573333,-6.56061,1,,,
171,58.34,Male,9.649573333,-10.06061,1,,,
130.13,69.34,Female,-31.22042667,0.93939,0,,,
143.26,47.53,Female,-18.09042667,-20.87061,0,,,
154.87,61.88,Female,-6.480426667,-6.52061,0,,,
166.1,60.15,Female,4.749573333,-8.25061,0,,,
171.18,100.8,Male,9.829573333,32.39939,1,,,
170.16,85.54,Male,8.809573333,17.13939,1,,,
165.23,107.34,Male,3.879573333,38.93939,1,,,
160.85,92.69,Male,-0.500426667,24.28939,1,,,
144.55,46.61,Female,-16.80042667,-21.79061,0,,,
142.43,47.02,Female,-18.92042667,-21.38061,0,,,
139.9,61.12,Female,-21.45042667,-7.28061,0,,,
177.43,74.79,Female,16.07957333,6.38939,0,,,
177.56,102.18,Male,16.20957333,33.77939,1,,,
180.87,61.17,Male,19.51957333,-7.23061,1,,,
161.46,71.89,Male,0.109573333,3.48939,1,,,
148.55,72.56,Female,-12.80042667,4.15939,0,,,
153.92,52.42,Female,-7.430426667,-15.98061,0,,,
172.06,53.22,Male,10.70957333,-15.18061,1,,,
138.06,66.99,Female,-23.29042667,-1.41061,0,,,
133.16,66.54,Female,-28.19042667,-1.86061,0,,,
168.64,57.37,Male,7.289573333,-11.03061,1,,,
175.89,58.92,Male,14.53957333,-9.48061,1,,,
173.5,53.69,Male,12.14957333,-14.71061,1,,,
150.12,53.73,Female,-11.23042667,-14.67061,0,,,
142.66,67.18,Female,-18.69042667,-1.22061,0,,,
157.56,72.8,Male,-3.790426667,4.39939,1,,,
173.68,60.49,Male,12.32957333,-7.91061,1,,,
171.2,57.19,Male,9.849573333,-11.21061,1,,,
168.1,67.26,Female,6.749573333,-1.14061,0,,,
157.05,78.64,Female,-4.300426667,10.23939,0,,,
141.93,52.43,Female,-19.42042667,-15.97061,0,,,
130.47,58.36,Female,-30.88042667,-10.04061,0,,,
154.09,95.19,Male,-7.260426667,26.78939,1,,,
156.01,58.8,Male,-5.340426667,-9.60061,1,,,
152.75,63.42,Female,-8.600426667,-4.98061,0,,,
166.3,40.6,Female,4.949573333,-27.80061,0,,,
156.71,79.21,Male,-4.640426667,10.80939,1,,,
157.59,83.35,Male,-3.760426667,14.94939,1,,,
164.67,65.84,Male,3.319573333,-2.56061,1,,,
161.81,107.86,Male,0.459573333,39.45939,1,,,
169.53,76.65,Male,8.179573333,8.24939,1,,,
160.07,92.95,Male,-1.280426667,24.54939,1,,,
163.9,94.31,Male,2.549573333,25.90939,1,,,
169.66,84.91,Male,8.309573333,16.50939,1,,,
143.11,66.5,Female,-18.24042667,-1.90061,0,,,
152.13,91.14,Female,-9.220426667,22.73939,0,,,
150.48,42.84,Female,-10.87042667,-25.56061,0,,,
129.27,62.56,Female,-32.08042667,-5.84061,0,,,
184.96,76.42,Male,23.60957333,8.01939,1,,,
133.28,58.86,Female,-28.07042667,-9.54061,0,,,
143.31,55.55,Female,-18.04042667,-12.85061,0,,,
158.4,59.91,Female,-2.950426667,-8.49061,0,,,
147.23,62.32,Female,-14.12042667,-6.08061,0,,,
146.34,66.85,Female,-15.01042667,-1.55061,0,,,
182.59,73.82,Male,21.23957333,5.41939,1,,,
158.51,88.8,Male,-2.840426667,20.39939,1,,,
150.88,57.51,Female,-10.47042667,-10.89061,0,,,
148.83,64.8,Female,-12.52042667,-3.60061,0,,,
141.97,45.79,Female,-19.38042667,-22.61061,0,,,
183.26,65.49,Male,21.90957333,-2.91061,1,,,
165.14,72.21,Male,3.789573333,3.80939,1,,,
173.24,62.2,Male,11.88957333,-6.20061,1,,,
147.77,58.55,Female,-13.58042667,-9.85061,0,,,
140.66,61.48,Female,-20.69042667,-6.92061,0,,,
146.38,72.48,Female,-14.97042667,4.07939,0,,,
159.41,92.46,Male,-1.940426667,24.05939,1,,,
173.01,70.89,Male,11.65957333,2.48939,1,,,
154.76,71.94,Male,-6.590426667,3.53939,1,,,
167.9,90.43,Male,6.549573333,22.02939,1,,,
195.43,54.14,Male,34.07957333,-14.26061,1,,,
141.67,53.84,Female,-19.68042667,-14.56061,0,,,
153.08,68.79,Female,-8.270426667,0.38939,0,,,
170.64,40.04,Female,9.289573333,-28.36061,0,,,
163.7,81.28,Male,2.349573333,12.87939,1,,,
173.91,74.05,Male,12.55957333,5.64939,1,,,
169.88,55.65,Male,8.529573333,-12.75061,1,,,
166.64,76.18,Male,5.289573333,7.77939,1,,,
176.55,62.91,Male,15.19957333,-5.49061,1,,,
170.74,73.57,Male,9.389573333,5.16939,1,,,
133.99,76.03,Female,-27.36042667,7.62939,0,,,
148.75,64.81,Female,-12.60042667,-3.59061,0,,,
157.9,55.95,Female,-3.450426667,-12.45061,0,,,
138.25,85.08,Female,-23.10042667,16.67939,0,,,
168.93,91.94,Male,7.579573333,23.53939,1,,,
170.88,77.04,Male,9.529573333,8.63939,1,,,
182.72,37.86,Male,21.36957333,-30.54061,1,,,
170.45,50.43,Female,9.099573333,-17.97061,0,,,
136.33,61.3,Female,-25.02042667,-7.10061,0,,,
159.97,61.43,Female,-1.380426667,-6.97061,0,,,
138.63,46.62,Female,-22.72042667,-21.78061,0,,,
145.42,77.48,Female,-15.93042667,9.07939,0,,,
196.92,73.52,Male,35.56957333,5.11939,1,,,
185.12,85.64,Male,23.76957333,17.23939,1,,,
155.79,95.75,Male,-5.560426667,27.34939,1,,,
164.55,75.11,Female,3.199573333,6.70939,0,,,
127.66,69.19,Female,-33.69042667,0.78939,0,,,
152.7,82.01,Female,-8.650426667,13.60939,0,,,
165.81,73.9,Female,4.459573333,5.49939,0,,,
165.23,93.13,Male,3.879573333,24.72939,1,,,
156.36,59.87,Female,-4.990426667,-8.53061,0,,,
147.69,50.67,Female,-13.66042667,-17.73061,0,,,
175.14,62.09,Male,13.78957333,-6.31061,1,,,
179.75,82.28,Male,18.39957333,13.87939,1,,,
155.58,66.76,Female,-5.770426667,-1.64061,0,,,
160.52,57.69,Female,-0.830426667,-10.71061,0,,,
165.23,84.89,Male,3.879573333,16.48939,1,,,
154.24,95.82,Male,-7.110426667,27.41939,1,,,
168.56,89.04,Male,7.209573333,20.63939,1,,,
155.78,62.58,Female,-5.570426667,-5.82061,0,,,
148.62,56,Female,-12.73042667,-12.40061,0,,,
177.58,100.98,Male,16.22957333,32.57939,1,,,
169.5,74.49,Male,8.149573333,6.08939,1,,,
166.73,65.6,Female,5.379573333,-2.80061,0,,,
156.61,50.45,Female,-4.740426667,-17.95061,0,,,
150.13,45.93,Female,-11.22042667,-22.47061,0,,,
163.03,60.35,Male,1.679573333,-8.05061,1,,,
185.51,69.54,Male,24.15957333,1.13939,1,,,
157.28,66.61,Female,-4.070426667,-1.79061,0,,,
135.63,69.24,Female,-25.72042667,0.83939,0,,,
170.41,59.26,Male,9.059573333,-9.14061,1,,,
175.55,75.15,Male,14.19957333,6.74939,1,,,
162.34,92.47,Male,0.989573333,24.06939,1,,,
142.41,83.04,Female,-18.94042667,14.63939,0,,,
149.58,58.35,Female,-11.77042667,-10.05061,0,,,
178.31,75.6,Female,16.95957333,7.19939,0,,,
176.1,58.03,Male,14.74957333,-10.37061,1,,,
176.99,96.46,Male,15.63957333,28.05939,1,,,
149.9,72.59,Female,-11.45042667,4.18939,0,,,
151.82,66.71,Female,-9.530426667,-1.69061,0,,,
160.27,63.81,Male,-1.080426667,-4.59061,1,,,
173.36,111.46,Male,12.00957333,43.05939,1,,,
153.41,92.82,Female,-7.940426667,24.41939,0,,,
132.54,82.2,Female,-28.81042667,13.79939,0,,,
138.41,82.64,Female,-22.94042667,14.23939,0,,,
152.8,74.06,Female,-8.550426667,5.65939,0,,,
153.19,66.45,Female,-8.160426667,-1.95061,0,,,
165.61,62.75,Male,4.259573333,-5.65061,1,,,
166.02,57.89,Male,4.669573333,-10.51061,1,,,
144.66,74.64,Female,-16.69042667,6.23939,0,,,
154.89,53.13,Male,-6.460426667,-15.27061,1,,,
138.79,73.7,Female,-22.56042667,5.29939,0,,,
147.17,44.4,Female,-14.18042667,-24.00061,0,,,
139.98,72.07,Female,-21.37042667,3.66939,0,,,
168.94,65.94,Male,7.589573333,-2.46061,1,,,
185.76,59.77,Male,24.40957333,-8.63061,1,,,
181.77,76.22,Male,20.41957333,7.81939,1,,,
145.38,43.23,Female,-15.97042667,-25.17061,0,,,
138,56.05,Female,-23.35042667,-12.35061,0,,,
148.52,71.46,Female,-12.83042667,3.05939,0,,,
136.94,63.82,Female,-24.41042667,-4.58061,0,,,
155.51,52.66,Female,-5.840426667,-15.74061,0,,,
163.52,98.6,Male,2.169573333,30.19939,1,,,
165.05,67.55,Male,3.699573333,-0.85061,1,,,
151.44,67.02,Female,-9.910426667,-1.38061,0,,,
160.65,61.94,Male,-0.700426667,-6.46061,1,,,
165.91,71.32,Male,4.559573333,2.91939,1,,,
192.09,77.12,Male,30.73957333,8.71939,1,,,
167.44,96.51,Male,6.089573333,28.10939,1,,,
155,38.47,Female,-6.350426667,-29.93061,0,,,
131.55,81.07,Female,-29.80042667,12.66939,0,,,
143.11,68.33,Female,-18.24042667,-0.07061,0,,,
136.36,53.33,Female,-24.99042667,-15.07061,0,,,
164.99,95.6,Male,3.639573333,27.19939,1,,,
165.37,75.82,Male,4.019573333,7.41939,1,,,
176.6,73.92,Male,15.24957333,5.51939,1,,,
190.42,61.75,Male,29.06957333,-6.65061,1,,,
172.78,80.29,Male,11.42957333,11.88939,1,,,
156.9,93.7,Male,-4.450426667,25.29939,1,,,
152.3,60.04,Female,-9.050426667,-8.36061,0,,,
154.27,59.91,Female,-7.080426667,-8.49061,0,,,
135.47,63.38,Female,-25.88042667,-5.02061,0,,,
146.14,44.75,Female,-15.21042667,-23.65061,0,,,
146.45,52.48,Female,-14.90042667,-15.92061,0,,,
186.19,88.46,Male,24.83957333,20.05939,1,,,
176.3,76.05,Male,14.94957333,7.64939,1,,,
164.6,61.13,Male,3.249573333,-7.27061,1,,,
150.65,64.01,Male,-10.70042667,-4.39061,1,,,
154.76,59.05,Female,-6.590426667,-9.35061,0,,,
141.44,58.5,Female,-19.91042667,-9.90061,0,,,
165.4,72.16,Female,4.049573333,3.75939,0,,,
146.93,61.71,Female,-14.42042667,-6.69061,0,,,
153.12,59.95,Female,-8.230426667,-8.45061,0,,,
139.67,88.07,Female,-21.68042667,19.66939,0,,,
161.37,67.24,Male,0.019573333,-1.16061,1,,,
186.81,76.12,Male,25.45957333,7.71939,1,,,
172.54,95.96,Male,11.18957333,27.55939,1,,,
186.45,72.12,Male,25.09957333,3.71939,1,,,
161.45,64.82,Female,0.099573333,-3.58061,0,,,
171.08,103.63,Male,9.729573333,35.22939,1,,,
158.36,49.88,Male,-2.990426667,-18.52061,1,,,
174.39,76.6,Male,13.03957333,8.19939,1,,,
168.88,77.36,Male,7.529573333,8.95939,1,,,
142.5,52.33,Female,-18.85042667,-16.07061,0,,,
144.94,66.88,Female,-16.41042667,-1.52061,0,,,
161.99,47.6,Female,0.639573333,-20.80061,0,,,
149.57,58.53,Female,-11.78042667,-9.87061,0,,,
184.19,56.6,Male,22.83957333,-11.80061,1,,,
154.8,88.64,Male,-6.550426667,20.23939,1,,,
171.55,107.01,Male,10.19957333,38.60939,1,,,
139.15,79.05,Female,-22.20042667,10.64939,0,,,
136.97,61.66,Female,-24.38042667,-6.74061,0,,,
137.43,68.45,Female,-23.92042667,0.04939,0,,,
172.55,63.26,Male,11.19957333,-5.14061,1,,,
160.99,83.19,Male,-0.360426667,14.78939,1,,,
185.31,42.54,Male,23.95957333,-25.86061,1,,,
175.49,54.7,Male,14.13957333,-13.70061,1,,,
164.33,67.53,Male,2.979573333,-0.87061,1,,,
115.94,74.86,Female,-45.41042667,6.45939,0,,,
143.59,44.33,Female,-17.76042667,-24.07061,0,,,
173.29,86.39,Male,11.93957333,17.98939,1,,,
170.73,38.61,Male,9.379573333,-29.79061,1,,,
166.78,65.07,Male,5.429573333,-3.33061,1,,,
170.31,91.63,Male,8.959573333,23.22939,1,,,
152.99,52.2,Female,-8.360426667,-16.20061,0,,,
146.73,36.78,Female,-14.62042667,-31.62061,0,,,
151.3,50.59,Female,-10.05042667,-17.81061,0,,,
157.45,58.71,Female,-3.900426667,-9.69061,0,,,
169.03,47.67,Male,7.679573333,-20.73061,1,,,
164.48,79.26,Male,3.129573333,10.85939,1,,,
170.97,83.98,Male,9.619573333,15.57939,1,,,
170.38,67.19,Male,9.029573333,-1.21061,1,,,
176.37,53.91,Male,15.01957333,-14.49061,1,,,
175.97,65.4,Female,14.61957333,-3.00061,0,,,
148.76,58.97,Female,-12.59042667,-9.43061,0,,,
162.47,48.24,Female,1.119573333,-20.16061,0,,,
147.87,76.61,Female,-13.48042667,8.20939,0,,,
158.31,50.54,Female,-3.040426667,-17.86061,0,,,
189.83,97.51,Male,28.47957333,29.10939,1,,,
182.74,79.43,Male,21.38957333,11.02939,1,,,
153.97,40.04,Female,-7.380426667,-28.36061,0,,,
178.98,90.59,Male,17.62957333,22.18939,1,,,
167.24,81.14,Male,5.889573333,12.73939,1,,,
169.17,89.97,Male,7.819573333,21.56939,1,,,
170.19,66.54,Male,8.839573333,-1.86061,1,,,
161.83,76.71,Female,0.479573333,8.30939,0,,,
158.23,66.27,Female,-3.120426667,-2.13061,0,,,
153.68,79.72,Female,-7.670426667,11.31939,0,,,
135.7,59.54,Female,-25.65042667,-8.86061,0,,,
179.88,76.72,Male,18.52957333,8.31939,1,,,
162.83,79.34,Male,1.479573333,10.93939,1,,,
190.08,78.25,Male,28.72957333,9.84939,1,,,
166.33,60.4,Male,4.979573333,-8.00061,1,,,
153.75,39.29,Female,-7.600426667,-29.11061,0,,,
153.16,35.72,Female,-8.190426667,-32.68061,0,,,
129.48,55.69,Female,-31.87042667,-12.71061,0,,,
136.89,59.48,Female,-24.46042667,-8.92061,0,,,
142.06,60.65,Female,-19.29042667,-7.75061,0,,,
144,61.69,Female,-17.35042667,-6.71061,0,,,
191.22,107.33,Male,29.86957333,38.92939,1,,,
171.17,74.57,Male,9.819573333,6.16939,1,,,
166.14,83.96,Male,4.789573333,15.55939,1,,,
153.37,77.94,Female,-7.980426667,9.53939,0,,,
144.97,65.45,Female,-16.38042667,-2.95061,0,,,
130.59,56.75,Female,-30.76042667,-11.65061,0,,,
168.59,91.54,Male,7.239573333,23.13939,1,,,
170.08,81.62,Male,8.729573333,13.21939,1,,,
161.04,102.7,Male,-0.310426667,34.29939,1,,,
143.02,56.25,Female,-18.33042667,-12.15061,0,,,
154.7,54.05,Female,-6.650426667,-14.35061,0,,,
151.3,75.07,Female,-10.05042667,6.66939,0,,,
160.4,44.63,Female,-0.950426667,-23.77061,0,,,
162.33,44.66,Male,0.979573333,-23.74061,1,,,
163.72,66.02,Male,2.369573333,-2.38061,1,,,
186.24,83.87,Male,24.88957333,15.46939,1,,,
160.9,107.24,Male,-0.450426667,38.83939,1,,,
194.12,62.71,Male,32.76957333,-5.69061,1,,,
148.2,53.85,Female,-13.15042667,-14.55061,0,,,
144.52,63.54,Female,-16.83042667,-4.86061,0,,,
164.36,79.95,Female,3.009573333,11.54939,0,,,
151.77,53.05,Female,-9.580426667,-15.35061,0,,,
175.41,63.02,Male,14.05957333,-5.38061,1,,,
171.64,52.37,Male,10.28957333,-16.03061,1,,,
186.57,52.71,Male,25.21957333,-15.69061,1,,,
172.06,60.83,Male,10.70957333,-7.57061,1,,,
135.23,56.52,Female,-26.12042667,-11.88061,0,,,
156.31,51.61,Female,-5.040426667,-16.79061,0,,,
176.33,49.43,Female,14.97957333,-18.97061,0,,,
156.1,66.25,Male,-5.250426667,-2.15061,1,,,
173.9,76.01,Male,12.54957333,7.60939,1,,,
158.94,81.61,Male,-2.410426667,13.20939,1,,,
147.41,61.91,Female,-13.94042667,-6.49061,0,,,
150.52,59.49,Female,-10.83042667,-8.91061,0,,,
168.62,82.83,Male,7.269573333,14.42939,1,,,
173.12,78.02,Male,11.76957333,9.61939,1,,,
145.94,55.83,Female,-15.41042667,-12.57061,0,,,
157.96,56.74,Female,-3.390426667,-11.66061,0,,,
150.77,51.14,Female,-10.58042667,-17.26061,0,,,
152.26,61.6,Female,-9.090426667,-6.80061,0,,,
149.69,55.3,Female,-11.66042667,-13.10061,0,,,
153.66,76.01,Female,-7.690426667,7.60939,0,,,
163.33,63.26,Female,1.979573333,-5.14061,0,,,
155.2,63.69,Female,-6.150426667,-4.71061,0,,,
152.98,85.11,Female,-8.370426667,16.70939,0,,,
157.16,59.08,Female,-4.190426667,-9.32061,0,,,
153.83,39.29,Female,-7.520426667,-29.11061,0,,,
159.67,55.78,Female,-1.680426667,-12.62061,0,,,
151.37,58.45,Female,-9.980426667,-9.95061,0,,,
152.78,61.6,Female,-8.570426667,-6.80061,0,,,
149.86,71.7,Female,-11.49042667,3.29939,0,,,
171.64,67.38,Male,10.28957333,-1.02061,1,,,
171.6,89.63,Male,10.24957333,21.22939,1,,,
167.81,71.16,Male,6.459573333,2.75939,1,,,
157.41,75.03,Male,-3.940426667,6.62939,1,,,
174.86,35.64,Male,13.50957333,-32.76061,1,,,
150.08,57.51,Female,-11.27042667,-10.89061,0,,,
172.46,79.9,Male,11.10957333,11.49939,1,,,
178.35,71.66,Male,16.99957333,3.25939,1,,,
160.99,78.77,Male,-0.360426667,10.36939,1,,,
168.22,87.75,Male,6.869573333,19.34939,1,,,
172.27,95.49,Male,10.91957333,27.08939,1,,,
156.51,59.47,Male,-4.840426667,-8.93061,1,,,
193.03,55.75,Male,31.67957333,-12.65061,1,,,
168.94,64.92,Female,7.589573333,-3.48061,0,,,
141.32,57.4,Female,-20.03042667,-11.00061,0,,,
166.25,77.28,Male,4.899573333,8.87939,1,,,
185.23,48.79,Male,23.87957333,-19.61061,1,,,
134.78,66.86,Female,-26.57042667,-1.54061,0,,,
158.57,52.22,Female,-2.780426667,-16.18061,0,,,
159.83,69.86,Female,-1.520426667,1.45939,0,,,
145.36,56.85,Female,-15.99042667,-11.55061,0,,,
146.89,75.39,Female,-14.46042667,6.98939,0,,,
157.46,79.06,Male,-3.890426667,10.65939,1,,,
174.27,85.69,Male,12.91957333,17.28939,1,,,
172.55,90.72,Male,11.19957333,22.31939,1,,,
152.02,56.25,Female,-9.330426667,-12.15061,0,,,
170.83,63.47,Female,9.479573333,-4.93061,0,,,
163.25,46.81,Female,1.899573333,-21.59061,0,,,
161.54,89.86,Male,0.189573333,21.45939,1,,,
185.05,76.95,Male,23.69957333,8.54939,1,,,
144.51,58.5,Female,-16.84042667,-9.90061,0,,,
143.11,68.92,Female,-18.24042667,0.51939,0,,,
150.52,62.86,Female,-10.83042667,-5.54061,0,,,
176.69,84.85,Male,15.33957333,16.44939,1,,,
151.97,98.4,Male,-9.380426667,29.99939,1,,,
165.39,101.03,Male,4.039573333,32.62939,1,,,
169.32,47.43,Male,7.969573333,-20.97061,1,,,
129.04,78.03,Female,-32.31042667,9.62939,0,,,
160.95,75.9,Female,-0.400426667,7.49939,0,,,
154.64,79.92,Male,-6.710426667,11.51939,1,,,
154.55,85.72,Female,-6.800426667,17.31939,0,,,
125.27,75.05,Female,-36.08042667,6.64939,0,,,
141.54,49.79,Female,-19.81042667,-18.61061,0,,,
162.5,39.29,Female,1.149573333,-29.11061,0,,,
133.99,68.01,Female,-27.36042667,-0.39061,0,,,
141.73,40.46,Female,-19.62042667,-27.94061,0,,,
173.44,95.32,Male,12.08957333,26.91939,1,,,
194.23,57.07,Male,32.87957333,-11.33061,1,,,
153.99,63.46,Female,-7.360426667,-4.94061,0,,,
157.14,70.24,Female,-4.210426667,1.83939,0,,,
188.02,70.28,Male,26.66957333,1.87939,1,,,
163.21,69.2,Male,1.859573333,0.79939,1,,,
189.08,60.31,Male,27.72957333,-8.09061,1,,,
152.59,80.71,Female,-8.760426667,12.30939,0,,,
159.62,67.48,Female,-1.730426667,-0.92061,0,,,
143.25,64.36,Female,-18.10042667,-4.04061,0,,,
167.63,81.05,Female,6.279573333,12.64939,0,,,
159.51,102.62,Male,-1.840426667,34.21939,1,,,
156.89,78.02,Male,-4.460426667,9.61939,1,,,
155.68,87.51,Male,-5.670426667,19.10939,1,,,
147.18,69.32,Female,-14.17042667,0.91939,0,,,
139.85,79.4,Female,-21.50042667,10.99939,0,,,
172.45,75.81,Male,11.09957333,7.40939,1,,,
167.19,66.76,Male,5.839573333,-1.64061,1,,,
160.29,79.32,Male,-1.060426667,10.91939,1,,,
167.7,59.64,Female,6.349573333,-8.76061,0,,,
159.31,69.47,Female,-2.040426667,1.06939,0,,,
147.56,44.2,Female,-13.79042667,-24.20061,0,,,
173.35,58.26,Male,11.99957333,-10.14061,1,,,
171.98,61.03,Female,10.62957333,-7.37061,0,,,
149.66,63.18,Female,-11.69042667,-5.22061,0,,,
143.05,56.83,Female,-18.30042667,-11.57061,0,,,
158.77,69.42,Male,-2.580426667,1.01939,1,,,
180.92,73.04,Male,19.56957333,4.63939,1,,,
179.12,41.24,Male,17.76957333,-27.16061,1,,,
151.33,50.93,Female,-10.02042667,-17.47061,0,,,
173.93,65.32,Female,12.57957333,-3.08061,0,,,
153.73,46.52,Female,-7.620426667,-21.88061,0,,,
170.33,64.48,Male,8.979573333,-3.92061,1,,,
184.69,82.08,Male,23.33957333,13.67939,1,,,
178.03,75.52,Male,16.67957333,7.11939,1,,,
165.57,65.12,Female,4.219573333,-3.28061,0,,,
146.15,73.85,Female,-15.20042667,5.44939,0,,,
146.44,48.92,Female,-14.91042667,-19.48061,0,,,
168.22,51.34,Female,6.869573333,-17.06061,0,,,
169.97,86.57,Male,8.619573333,18.16939,1,,,
161.38,87.24,Male,0.029573333,18.83939,1,,,
143.11,74.01,Female,-18.24042667,5.60939,0,,,
151.03,50.18,Female,-10.32042667,-18.22061,0,,,
159.89,65.86,Female,-1.460426667,-2.54061,0,,,
167.54,62.77,Male,6.189573333,-5.63061,1,,,
191.73,64.6,Male,30.37957333,-3.80061,1,,,
162.53,58.5,Female,1.179573333,-9.90061,0,,,
167.74,60.71,Female,6.389573333,-7.69061,0,,,
160.88,77.8,Female,-0.470426667,9.39939,0,,,
127.3,49.13,Female,-34.05042667,-19.27061,0,,,
169.5,63.47,Male,8.149573333,-4.93061,1,,,
164.72,53.13,Male,3.369573333,-15.27061,1,,,
152.62,53.17,Female,-8.730426667,-15.23061,0,,,
141.75,65.41,Female,-19.60042667,-2.99061,0,,,
175.31,54.45,Female,13.95957333,-13.95061,0,,,
175.09,71.39,Male,13.73957333,2.98939,1,,,
164.73,64.46,Female,3.379573333,-3.94061,0,,,
145.06,67.56,Female,-16.29042667,-0.84061,0,,,
148.21,50.97,Female,-13.14042667,-17.43061,0,,,
166.39,121.98,Male,5.039573333,53.57939,1,,,
170.01,61.17,Male,8.659573333,-7.23061,1,,,
177.82,52.37,Male,16.46957333,-16.03061,1,,,
155.21,63.03,Male,-6.140426667,-5.37061,1,,,
163.24,60.13,Male,1.889573333,-8.27061,1,,,
147.23,80.2,Female,-14.12042667,11.79939,0,,,
151.11,42.27,Female,-10.24042667,-26.13061,0,,,
128.89,60.18,Female,-32.46042667,-8.22061,0,,,
152.34,50.74,Female,-9.010426667,-17.66061,0,,,
184.09,92.51,Male,22.73957333,24.10939,1,,,
172.38,78.8,Male,11.02957333,10.39939,1,,,
168.75,91.74,Male,7.399573333,23.33939,1,,,
170.4,83.71,Male,9.049573333,15.30939,1,,,
142.56,52.48,Female,-18.79042667,-15.92061,0,,,
164.21,62.54,Female,2.859573333,-5.86061,0,,,
157.52,45.13,Female,-3.830426667,-23.27061,0,,,
167.58,79.42,Female,6.229573333,11.01939,0,,,
150.38,49.15,Female,-10.97042667,-19.25061,0,,,
187.92,75.85,Male,26.56957333,7.44939,1,,,
187.83,102.41,Male,26.47957333,34.00939,1,,,
140.69,58.12,Female,-20.66042667,-10.28061,0,,,
167.64,52.05,Female,6.289573333,-16.35061,0,,,
142.32,55.19,Female,-19.03042667,-13.21061,0,,,
188.07,77.35,Male,26.71957333,8.94939,1,,,
178.93,70.57,Male,17.57957333,2.16939,1,,,
172.72,35.32,Male,11.36957333,-33.08061,1,,,
184.71,84.39,Male,23.35957333,15.98939,1,,,
155.17,89.21,Male,-6.180426667,20.80939,1,,,
187.9,88.32,Male,26.54957333,19.91939,1,,,
154.21,41.44,Female,-7.140426667,-26.96061,0,,,
157.24,58.14,Female,-4.110426667,-10.26061,0,,,
143.63,37.77,Female,-17.72042667,-30.63061,0,,,
139.79,61.68,Female,-21.56042667,-6.72061,0,,,
137.93,75.13,Female,-23.42042667,6.72939,0,,,
165.9,62.56,Female,4.549573333,-5.84061,0,,,
165.34,65.93,Male,3.989573333,-2.47061,1,,,
156.86,61.34,Female,-4.490426667,-7.06061,0,,,
167.77,85.94,Male,6.419573333,17.53939,1,,,
166.74,40.36,Male,5.389573333,-28.04061,1,,,
159.2,52.71,Male,-2.150426667,-15.69061,1,,,
173.33,64.14,Male,11.97957333,-4.26061,1,,,
177.14,73.4,Male,15.78957333,4.99939,1,,,
175.91,48.81,Male,14.55957333,-19.59061,1,,,
149.14,63.59,Female,-12.21042667,-4.81061,0,,,
157.12,69.36,Female,-4.230426667,0.95939,0,,,
157.7,48.85,Female,-3.650426667,-19.55061,0,,,
153.33,66.82,Female,-8.020426667,-1.58061,0,,,
169.91,67.55,Male,8.559573333,-0.85061,1,,,
166.22,76.68,Male,4.869573333,8.27939,1,,,
171.77,71.52,Male,10.41957333,3.11939,1,,,
152.02,45.92,Female,-9.330426667,-22.48061,0,,,
157.87,46.52,Female,-3.480426667,-21.88061,0,,,
182.65,79.41,Male,21.29957333,11.00939,1,,,
161.87,71.16,Male,0.519573333,2.75939,1,,,
161,73.67,Male,-0.350426667,5.26939,1,,,
175.25,88.1,Male,13.89957333,19.69939,1,,,
183.09,85.6,Male,21.73957333,17.19939,1,,,
193.8,59.01,Male,32.44957333,-9.39061,1,,,
155.76,71.53,Female,-5.590426667,3.12939,0,,,
192.23,69.69,Male,30.87957333,1.28939,1,,,
157.75,57.92,Female,-3.600426667,-10.48061,0,,,
152.69,50.98,Female,-8.660426667,-17.42061,0,,,
143.46,45.75,Female,-17.89042667,-22.65061,0,,,
170.22,49.09,Male,8.869573333,-19.31061,1,,,
185.54,64.78,Male,24.18957333,-3.62061,1,,,
169.59,59.31,Female,8.239573333,-9.09061,0,,,
170.5,52,Female,9.149573333,-16.40061,0,,,
179.79,70.01,Male,18.43957333,1.60939,1,,,
179.02,96.5,Male,17.66957333,28.09939,1,,,
171.82,84.93,Male,10.46957333,16.52939,1,,,
142.69,63.84,Female,-18.66042667,-4.56061,0,,,
175.17,82.76,Male,13.81957333,14.35939,1,,,
164.39,54.68,Male,3.039573333,-13.72061,1,,,
171.39,96.39,Male,10.03957333,27.98939,1,,,
175.92,82.46,Male,14.56957333,14.05939,1,,,
179.06,62.35,Male,17.70957333,-6.05061,1,,,
171.63,102.02,Male,10.27957333,33.61939,1,,,
152.96,50.49,Female,-8.390426667,-17.91061,0,,,
147.51,58.1,Female,-13.84042667,-10.30061,0,,,
175.29,86.34,Male,13.93957333,17.93939,1,,,
184.23,88.52,Male,22.87957333,20.11939,1,,,
161.87,80.03,Female,0.519573333,11.62939,0,,,
151.35,35.47,Female,-10.00042667,-32.93061,0,,,
156.15,48.41,Female,-5.200426667,-19.99061,0,,,
146.89,42.76,Female,-14.46042667,-25.64061,0,,,
151.32,57.22,Female,-10.03042667,-11.18061,0,,,
139.66,48.29,Female,-21.69042667,-20.11061,0,,,
178.04,67.51,Male,16.68957333,-0.89061,1,,,
146.88,78.39,Male,-14.47042667,9.98939,1,,,
164.81,89.24,Male,3.459573333,20.83939,1,,,
183.62,78.57,Male,22.26957333,10.16939,1,,,
184.12,91.9,Male,22.76957333,23.49939,1,,,
143.67,79.15,Female,-17.68042667,10.74939,0,,,
172,54.68,Female,10.64957333,-13.72061,0,,,
161.78,56.91,Female,0.429573333,-11.49061,0,,,
154.76,64.01,Female,-6.590426667,-4.39061,0,,,
159.35,47.31,Female,-2.000426667,-21.09061,0,,,
162.55,71.29,Male,1.199573333,2.88939,1,,,
188.97,73.52,Male,27.61957333,5.11939,1,,,
182.8,109.88,Male,21.44957333,41.47939,1,,,
184.56,37.57,Male,23.20957333,-30.83061,1,,,
146.34,59.44,Female,-15.01042667,-8.96061,0,,,
143.39,69.27,Female,-17.96042667,0.86939,0,,,
156.1,48.33,Female,-5.250426667,-20.07061,0,,,
157.87,50.89,Female,-3.480426667,-17.51061,0,,,
164.89,59.26,Female,3.539573333,-9.14061,0,,,
151.89,43.19,Female,-9.460426667,-25.21061,0,,,
158.67,60.3,Male,-2.680426667,-8.10061,1,,,
192.91,76.13,Male,31.55957333,7.72939,1,,,
167.96,78.21,Male,6.609573333,9.80939,1,,,
143.79,60.21,Female,-17.56042667,-8.19061,0,,,
167.58,108.83,Male,6.229573333,40.42939,1,,,
171.51,89.66,Male,10.15957333,21.25939,1,,,
160.82,70.01,Male,-0.530426667,1.60939,1,,,
175.32,92.43,Male,13.96957333,24.02939,1,,,
156.76,70.03,Male,-4.590426667,1.62939,1,,,
171.73,52.17,Male,10.37957333,-16.23061,1,,,
155.54,72.82,Female,-5.810426667,4.41939,0,,,
164.6,73.3,Female,3.249573333,4.89939,0,,,
179.52,68.29,Male,18.16957333,-0.11061,1,,,
185.34,56.26,Male,23.98957333,-12.14061,1,,,
173.93,83.22,Male,12.57957333,14.81939,1,,,
168.92,68.24,Male,7.569573333,-0.16061,1,,,
147.89,69.5,Female,-13.46042667,1.09939,0,,,
156.77,47.79,Female,-4.580426667,-20.61061,0,,,
150.56,49.66,Female,-10.79042667,-18.74061,0,,,
169.54,74.02,Female,8.189573333,5.61939,0,,,
146.66,63.9,Female,-14.69042667,-4.50061,0,,,
160.65,24.14,Male,-0.700426667,-44.26061,1,,,
164.89,106.55,Male,3.539573333,38.14939,1,,,
157.74,95.91,Male,-3.610426667,27.50939,1,,,
147.84,70.85,Male,-13.51042667,2.44939,1,,,
166.08,80.18,Male,4.729573333,11.77939,1,,,
160.73,97.77,Male,-0.620426667,29.36939,1,,,
179.78,115.05,Male,18.42957333,46.64939,1,,,
152.52,85.35,Female,-8.830426667,16.94939,0,,,
145.73,59.41,Female,-15.62042667,-8.99061,0,,,
145.99,65.87,Female,-15.36042667,-2.53061,0,,,
176.04,73.03,Male,14.68957333,4.62939,1,,,
160.65,64.16,Male,-0.700426667,-4.24061,1,,,
174.69,89.17,Male,13.33957333,20.76939,1,,,
160.02,89.58,Male,-1.330426667,21.17939,1,,,
188.66,66.89,Male,27.30957333,-1.51061,1,,,
167.48,45.69,Female,6.129573333,-22.71061,0,,,
153.23,55.09,Female,-8.120426667,-13.31061,0,,,
160.12,62.97,Male,-1.230426667,-5.43061,1,,,
143.81,73.38,Male,-17.54042667,4.97939,1,,,
168.33,94.33,Male,6.979573333,25.92939,1,,,
166.49,76.26,Male,5.139573333,7.85939,1,,,
117.23,70.28,Female,-44.12042667,1.87939,0,,,
155.56,72.59,Female,-5.790426667,4.18939,0,,,
153.75,68.66,Female,-7.600426667,0.25939,0,,,
136.8,51.98,Female,-24.55042667,-16.42061,0,,,
173.54,95.08,Male,12.18957333,26.67939,1,,,
169.8,85.9,Male,8.449573333,17.49939,1,,,
161.77,58.85,Female,0.419573333,-9.55061,0,,,
142.41,56.22,Female,-18.94042667,-12.18061,0,,,
166.62,82.8,Female,5.269573333,14.39939,0,,,
160.62,70.77,Female,-0.730426667,2.36939,0,,,
168.61,38.38,Male,7.259573333,-30.02061,1,,,
175.11,81.72,Male,13.75957333,13.31939,1,,,
167.98,89.93,Male,6.629573333,21.52939,1,,,
172.8,79.67,Male,11.44957333,11.26939,1,,,
164.2,75.25,Male,2.849573333,6.84939,1,,,
171.2,42.74,Female,9.849573333,-25.66061,0,,,
150.91,63.9,Female,-10.44042667,-4.50061,0,,,
163.73,80.91,Male,2.379573333,12.50939,1,,,
174.34,93.84,Male,12.98957333,25.43939,1,,,
153.14,69.41,Female,-8.210426667,1.00939,0,,,
163.31,61.12,Female,1.959573333,-7.28061,0,,,
127.83,61.19,Female,-33.52042667,-7.21061,0,,,
183.43,72.05,Male,22.07957333,3.64939,1,,,
165.99,74.58,Male,4.639573333,6.17939,1,,,
168.06,83.85,Male,6.709573333,15.44939,1,,,
175.72,63.38,Female,14.36957333,-5.02061,0,,,
154.84,58.8,Female,-6.510426667,-9.60061,0,,,
134.39,63.09,Female,-26.96042667,-5.31061,0,,,
121.82,60.41,Female,-39.53042667,-7.99061,0,,,
172.55,85.25,Male,11.19957333,16.84939,1,,,
176.29,85.75,Male,14.93957333,17.34939,1,,,
168.03,84.89,Male,6.679573333,16.48939,1,,,
165.61,71.6,Male,4.259573333,3.19939,1,,,
167.32,60.76,Female,5.969573333,-7.64061,0,,,
150.93,78.47,Female,-10.42042667,10.06939,0,,,
145.74,56.78,Female,-15.61042667,-11.62061,0,,,
167.34,61.35,Male,5.989573333,-7.05061,1,,,
180.08,71.44,Male,18.72957333,3.03939,1,,,
173.09,83.57,Male,11.73957333,15.16939,1,,,
171.33,66.13,Male,9.979573333,-2.27061,1,,,
164.28,50.62,Female,2.929573333,-17.78061,0,,,
195,78.64,Male,33.64957333,10.23939,1,,,
158.25,72.62,Male,-3.100426667,4.21939,1,,,
184.62,68.2,Male,23.26957333,-0.20061,1,,,
179.91,57.93,Male,18.55957333,-10.47061,1,,,
153.14,59.62,Female,-8.210426667,-8.78061,0,,,
158.25,87.68,Male,-3.100426667,19.27939,1,,,
179.08,97.79,Male,17.72957333,29.38939,1,,,
185.37,96.05,Male,24.01957333,27.64939,1,,,
168.71,49.19,Male,7.359573333,-19.21061,1,,,
164.33,62.71,Male,2.979573333,-5.69061,1,,,
149.63,78.91,Female,-11.72042667,10.50939,0,,,
137.23,71.39,Female,-24.12042667,2.98939,0,,,
149.29,72.1,Female,-12.06042667,3.69939,0,,,
179.37,70.36,Male,18.01957333,1.95939,1,,,
167.13,64.58,Male,5.779573333,-3.82061,1,,,
193.76,61.9,Male,32.40957333,-6.50061,1,,,
170.38,85.5,Male,9.029573333,17.09939,1,,,
174.04,60.91,Male,12.68957333,-7.49061,1,,,
160.04,56.86,Male,-1.310426667,-11.54061,1,,,
135.7,76.76,Female,-25.65042667,8.35939,0,,,
160.17,63.73,Male,-1.180426667,-4.67061,1,,,
177.9,91.02,Male,16.54957333,22.61939,1,,,
178.14,84.07,Male,16.78957333,15.66939,1,,,
156.06,75.74,Male,-5.290426667,7.33939,1,,,
162.16,61.8,Female,0.809573333,-6.60061,0,,,
137.82,79.34,Female,-23.53042667,10.93939,0,,,
149.29,65.29,Female,-12.06042667,-3.11061,0,,,
155.72,48.28,Female,-5.630426667,-20.12061,0,,,
144.44,59.99,Female,-16.91042667,-8.41061,0,,,
153.08,60.59,Female,-8.270426667,-7.81061,0,,,
151.99,72.22,Female,-9.360426667,3.81939,0,,,
137.32,52.7,Female,-24.03042667,-15.70061,0,,,
168.99,88.59,Male,7.639573333,20.18939,1,,,
174.3,65.52,Male,12.94957333,-2.88061,1,,,
137.65,63.39,Female,-23.70042667,-5.01061,0,,,
153.29,52.46,Female,-8.060426667,-15.94061,0,,,
138.18,68.91,Female,-23.17042667,0.50939,0,,,
143.87,65.82,Male,-17.48042667,-2.58061,1,,,
159.49,74.99,Male,-1.860426667,6.58939,1,,,
169.98,75.98,Male,8.629573333,7.57939,1,,,
155.01,50.65,Female,-6.340426667,-17.75061,0,,,
149.6,76.38,Female,-11.75042667,7.97939,0,,,
167.15,76.77,Male,5.799573333,8.36939,1,,,
182.59,70.55,Male,21.23957333,2.14939,1,,,
175.63,75.14,Male,14.27957333,6.73939,1,,,
156.38,47.72,Male,-4.970426667,-20.68061,1,,,
153.97,75.77,Female,-7.380426667,7.36939,0,,,
163.36,51.67,Male,2.009573333,-16.73061,1,,,
166.5,54.24,Male,5.149573333,-14.16061,1,,,
141.65,80.99,Male,-19.70042667,12.58939,1,,,
166.84,47.71,Male,5.489573333,-20.69061,1,,,
131,51.53,Female,-30.35042667,-16.87061,0,,,
147.04,47.17,Female,-14.31042667,-21.23061,0,,,
149.09,73.99,Female,-12.26042667,5.58939,0,,,
174.12,85.09,Male,12.76957333,16.68939,1,,,
159.35,66.25,Female,-2.000426667,-2.15061,0,,,
153.17,67.96,Female,-8.180426667,-0.44061,0,,,
177.24,73.04,Male,15.88957333,4.63939,1,,,
182.22,44.16,Male,20.86957333,-24.24061,1,,,
186.85,91.68,Male,25.49957333,23.27939,1,,,
163.15,73.22,Male,1.799573333,4.81939,1,,,
145.34,81.95,Female,-16.01042667,13.54939,0,,,
178.42,87.06,Male,17.06957333,18.65939,1,,,
171.39,74.92,Male,10.03957333,6.51939,1,,,
147.92,72.56,Female,-13.43042667,4.15939,0,,,
135.55,67.98,Female,-25.80042667,-0.42061,0,,,
169.93,53.93,Female,8.579573333,-14.47061,0,,,
141.19,70.14,Female,-20.16042667,1.73939,0,,,
137,45.14,Female,-24.35042667,-23.26061,0,,,
129.84,46.96,Female,-31.51042667,-21.44061,0,,,
150.15,30.53,Male,-11.20042667,-37.87061,1,,,
190.04,49.03,Male,28.68957333,-19.37061,1,,,
174.43,96.62,Male,13.07957333,28.21939,1,,,
181.21,59.55,Male,19.85957333,-8.85061,1,,,
25.68,58.99,Female,-135.6704267,-9.41061,0,,,
146,70.78,Female,-15.35042667,2.37939,0,,,
155.06,52.71,Female,-6.290426667,-15.69061,0,,,
177.15,73.29,Male,15.79957333,4.88939,1,,,
181.53,60.14,Male,20.17957333,-8.26061,1,,,
161.67,73.97,Male,0.319573333,5.56939,1,,,
155.23,85.44,Male,-6.120426667,17.03939,1,,,
182.88,106.44,Male,21.52957333,38.03939,1,,,
147.86,51.29,Female,-13.49042667,-17.11061,0,,,
154.49,65.46,Female,-6.860426667,-2.94061,0,,,
150.04,85.21,Male,-11.31042667,16.80939,1,,,
155.54,73.5,Female,-5.810426667,5.09939,0,,,
156.26,69.33,Female,-5.090426667,0.92939,0,,,
149.73,66.46,Female,-11.62042667,-1.94061,0,,,
170.57,65.73,Female,9.219573333,-2.67061,0,,,
145.77,52.61,Female,-15.58042667,-15.79061,0,,,
172,76.66,Female,10.64957333,8.25939,0,,,
178.86,83.67,Male,17.50957333,15.26939,1,,,
170.74,90.28,Male,9.389573333,21.87939,1,,,
178.1,63.78,Male,16.74957333,-4.62061,1,,,
154.72,59.09,Female,-6.630426667,-9.31061,0,,,
135.8,61.36,Female,-25.55042667,-7.04061,0,,,
159.27,112.28,Male,-2.080426667,43.87939,1,,,
194.12,60.81,Male,32.76957333,-7.59061,1,,,
151.64,37.06,Female,-9.710426667,-31.34061,0,,,
141.79,63.76,Female,-19.56042667,-4.64061,0,,,
131.7,78.36,Female,-29.65042667,9.95939,0,,,
167.94,62.46,Female,6.589573333,-5.94061,0,,,
164.09,51.3,Female,2.739573333,-17.10061,0,,,
153.91,63.76,Female,-7.440426667,-4.64061,0,,,
161.55,49.18,Female,0.199573333,-19.22061,0,,,
162.04,78.29,Female,0.689573333,9.88939,0,,,
155.17,68.16,Female,-6.180426667,-0.24061,0,,,
146.47,42.32,Female,-14.88042667,-26.08061,0,,,
172.26,41.07,Male,10.90957333,-27.33061,1,,,
171.05,99.68,Male,9.699573333,31.27939,1,,,
152.08,56.88,Female,-9.270426667,-11.52061,0,,,
179.16,66.57,Female,17.80957333,-1.83061,0,,,
167.78,52.76,Male,6.429573333,-15.64061,1,,,
173.78,77.89,Male,12.42957333,9.48939,1,,,
187.64,58.31,Male,26.28957333,-10.09061,1,,,
179.29,79.78,Male,17.93957333,11.37939,1,,,
150.78,67.35,Female,-10.57042667,-1.05061,0,,,
134.21,59.56,Female,-27.14042667,-8.84061,0,,,
140.57,59.6,Female,-20.78042667,-8.80061,0,,,
173.63,65.63,Male,12.27957333,-2.77061,1,,,
138.62,76.74,Female,-22.73042667,8.33939,0,,,
168.64,69.62,Male,7.289573333,1.21939,1,,,
169.58,68.77,Male,8.229573333,0.36939,1,,,
187.08,76.41,Male,25.72957333,8.00939,1,,,
178.12,70.81,Male,16.76957333,2.40939,1,,,
181.72,27.73,Male,20.36957333,-40.67061,1,,,
185.99,99.17,Male,24.63957333,30.76939,1,,,
194.32,64.54,Male,32.96957333,-3.86061,1,,,
150.82,37.65,Female,-10.53042667,-30.75061,0,,,
145.08,42.59,Female,-16.27042667,-25.81061,0,,,
168.92,95.59,Male,7.569573333,27.18939,1,,,
168.51,57.28,Male,7.159573333,-11.12061,1,,,
162.43,77.24,Male,1.079573333,8.83939,1,,,
146.67,63.2,Female,-14.68042667,-5.20061,0,,,
149.62,50.48,Female,-11.73042667,-17.92061,0,,,
146.28,68.86,Female,-15.07042667,0.45939,0,,,
157.99,90.49,Male,-3.360426667,22.08939,1,,,
175.96,82.98,Male,14.60957333,14.57939,1,,,
169.78,88.67,Male,8.429573333,20.26939,1,,,
144.35,71.33,Female,-17.00042667,2.92939,0,,,
145.62,69.02,Female,-15.73042667,0.61939,0,,,
170.91,91.65,Male,9.559573333,23.24939,1,,,
163.37,44.12,Male,2.019573333,-24.28061,1,,,
158.36,70.65,Male,-2.990426667,2.24939,1,,,
158.92,50.47,Female,-2.430426667,-17.93061,0,,,
148.03,55.76,Female,-13.32042667,-12.64061,0,,,
148.79,62.35,Female,-12.56042667,-6.05061,0,,,
177.54,51.9,Male,16.18957333,-16.50061,1,,,
170.96,83.22,Male,9.609573333,14.81939,1,,,
185.36,60.06,Male,24.00957333,-8.34061,1,,,
160.76,63.44,Male,-0.590426667,-4.96061,1,,,
160.25,52.41,Female,-1.100426667,-15.99061,0,,,
147.88,62.95,Female,-13.47042667,-5.45061,0,,,
157.41,63.56,Female,-3.940426667,-4.84061,0,,,
154.47,45.89,Female,-6.880426667,-22.51061,0,,,
149.38,62.43,Female,-11.97042667,-5.97061,0,,,
161.29,58.77,Male,-0.060426667,-9.63061,1,,,
137.07,55,Male,-24.28042667,-13.40061,1,,,
172.07,69.9,Male,10.71957333,1.49939,1,,,
138.35,56.16,Female,-23.00042667,-12.24061,0,,,
144.78,48.98,Female,-16.57042667,-19.42061,0,,,
145.92,46.9,Female,-15.43042667,-21.50061,0,,,
174.78,52.74,Female,13.42957333,-15.66061,0,,,
170,75.65,Male,8.649573333,7.24939,1,,,
142.86,54.83,Female,-18.49042667,-13.57061,0,,,
161.04,76.66,Female,-0.310426667,8.25939,0,,,
150.06,64.25,Female,-11.29042667,-4.15061,0,,,
153.97,67.24,Female,-7.380426667,-1.16061,0,,,
180.28,92.56,Male,18.92957333,24.15939,1,,,
179.63,89.83,Male,18.27957333,21.42939,1,,,
176.25,76.66,Male,14.89957333,8.25939,1,,,
172.54,85.74,Male,11.18957333,17.33939,1,,,
167.8,93.25,Male,6.449573333,24.84939,1,,,
136.1,60.17,Female,-25.25042667,-8.23061,0,,,
150.63,71.46,Female,-10.72042667,3.05939,0,,,
154.85,83.75,Female,-6.500426667,15.34939,0,,,
132.65,59.31,Female,-28.70042667,-9.09061,0,,,
158.45,68.09,Male,-2.900426667,-0.31061,1,,,
141.9,54.58,Female,-19.45042667,-13.82061,0,,,
139.74,50.44,Female,-21.61042667,-17.96061,0,,,
173.8,83.78,Male,12.44957333,15.37939,1,,,
195.35,70.66,Male,33.99957333,2.25939,1,,,
174.31,64.81,Male,12.95957333,-3.59061,1,,,
187.06,100.25,Male,25.70957333,31.84939,1,,,
141.27,79.56,Female,-20.08042667,11.15939,0,,,
154.27,77.32,Female,-7.080426667,8.91939,0,,,
150.97,79.39,Female,-10.38042667,10.98939,0,,,
161.27,49.95,Male,-0.080426667,-18.45061,1,,,
184.94,85.58,Male,23.58957333,17.17939,1,,,
168.92,62.51,Male,7.569573333,-5.89061,1,,,
159.91,79.16,Female,-1.440426667,10.75939,0,,,
142.27,49.6,Female,-19.08042667,-18.80061,0,,,
158.57,42.54,Female,-2.780426667,-25.86061,0,,,
171.72,63.03,Male,10.36957333,-5.37061,1,,,
174.96,45.23,Male,13.60957333,-23.17061,1,,,
157.19,84.92,Male,-4.160426667,16.51939,1,,,
171.78,83.87,Male,10.42957333,15.46939,1,,,
185.27,62.23,Male,23.91957333,-6.17061,1,,,
180.06,95.79,Male,18.70957333,27.38939,1,,,
162.98,65.78,Female,1.629573333,-2.62061,0,,,
149.66,70.26,Female,-11.69042667,1.85939,0,,,
153.64,78.18,Female,-7.710426667,9.77939,0,,,
162.6,56.4,Female,1.249573333,-12.00061,0,,,
136.8,43.43,Female,-24.55042667,-24.97061,0,,,
148.16,50.68,Female,-13.19042667,-17.72061,0,,,
174.16,73.87,Male,12.80957333,5.46939,1,,,
163.73,74.76,Male,2.379573333,6.35939,1,,,
184.48,59.94,Male,23.12957333,-8.46061,1,,,
138.77,46.12,Female,-22.58042667,-22.28061,0,,,
152.06,68.68,Female,-9.290426667,0.27939,0,,,
143.06,69.29,Female,-18.29042667,0.88939,0,,,
156.79,58.77,Female,-4.560426667,-9.63061,0,,,
150.39,66.86,Female,-10.96042667,-1.54061,0,,,
142.17,63.7,Female,-19.18042667,-4.70061,0,,,
164.86,87.15,Male,3.509573333,18.74939,1,,,
197.7,62.53,Male,36.34957333,-5.87061,1,,,
170.82,81.1,Male,9.469573333,12.69939,1,,,
135.05,64.05,Female,-26.30042667,-4.35061,0,,,
149.93,60.47,Female,-11.42042667,-7.93061,0,,,
149.71,64.19,Female,-11.64042667,-4.21061,0,,,
152.66,69.53,Female,-8.690426667,1.12939,0,,,
167.04,57.38,Male,5.689573333,-11.02061,1,,,
156.98,85.05,Male,-4.370426667,16.64939,1,,,
173.43,70.43,Male,12.07957333,2.02939,1,,,
176.7,69.71,Male,15.34957333,1.30939,1,,,
163.22,89.68,Female,1.869573333,21.27939,0,,,
152.91,55.36,Female,-8.440426667,-13.04061,0,,,
141.65,46.44,Female,-19.70042667,-21.96061,0,,,
153.63,64.35,Female,-7.720426667,-4.05061,0,,,
195.21,104.27,Male,33.85957333,35.86939,1,,,
149.45,60.96,Female,-11.90042667,-7.44061,0,,,
163.25,75.96,Male,1.899573333,7.55939,1,,,
169.76,51.22,Male,8.409573333,-17.18061,1,,,
170.81,68.12,Male,9.459573333,-0.28061,1,,,
177.06,64.08,Male,15.70957333,-4.32061,1,,,
170.04,96.73,Male,8.689573333,28.32939,1,,,
167.51,42.33,Male,6.159573333,-26.07061,1,,,
178.05,90.86,Male,16.69957333,22.45939,1,,,
155.19,60.31,Female,-6.160426667,-8.09061,0,,,
159.96,63.89,Female,-1.390426667,-4.51061,0,,,
175.91,109.83,Female,14.55957333,41.42939,0,,,
165.8,64.16,Male,4.449573333,-4.24061,1,,,
170.81,62.4,Male,9.459573333,-6.00061,1,,,
165.44,66.68,Male,4.089573333,-1.72061,1,,,
169.67,65.47,Male,8.319573333,-2.93061,1,,,
173.86,82.28,Male,12.50957333,13.87939,1,,,
172.96,78.83,Male,11.60957333,10.42939,1,,,
154.62,54.17,Female,-6.730426667,-14.23061,0,,,
143.41,68.53,Female,-17.94042667,0.12939,0,,,
160.51,55.09,Female,-0.840426667,-13.31061,0,,,
144.82,64.9,Female,-16.53042667,-3.50061,0,,,
138.13,53,Female,-23.22042667,-15.40061,0,,,
137.57,87.31,Female,-23.78042667,18.90939,0,,,
171.83,86.04,Male,10.47957333,17.63939,1,,,
168.21,76.22,Male,6.859573333,7.81939,1,,,
161.16,61.96,Male,-0.190426667,-6.44061,1,,,
164.03,86.06,Male,2.679573333,17.65939,1,,,
156.84,59.7,Female,-4.510426667,-8.70061,0,,,
179.32,53.95,Male,17.96957333,-14.45061,1,,,
148.14,73.93,Female,-13.21042667,5.52939,0,,,
159,69.2,Female,-2.350426667,0.79939,0,,,
157.12,67.2,Female,-4.230426667,-1.20061,0,,,
170.25,50.15,Male,8.899573333,-18.25061,1,,,
174.05,60.3,Male,12.69957333,-8.10061,1,,,
166.8,63.13,Male,5.449573333,-5.27061,1,,,
164.82,65.06,Female,3.469573333,-3.34061,0,,,
145.62,74.49,Female,-15.73042667,6.08939,0,,,
164.67,85.08,Female,3.319573333,16.67939,0,,,
159.69,79.28,Male,-1.660426667,10.87939,1,,,
160.22,75.02,Male,-1.130426667,6.61939,1,,,
153.91,71.08,Male,-7.440426667,2.67939,1,,,
186.59,59.33,Male,25.23957333,-9.07061,1,,,
174.13,59,Male,12.77957333,-9.40061,1,,,
184.16,72.7,Male,22.80957333,4.29939,1,,,
168.02,59.88,Male,6.669573333,-8.52061,1,,,
176.15,58.07,Male,14.79957333,-10.33061,1,,,
165.83,81.22,Male,4.479573333,12.81939,1,,,
144.97,65.81,Female,-16.38042667,-2.59061,0,,,
159.45,59.82,Female,-1.900426667,-8.58061,0,,,
173.87,61.25,Male,12.51957333,-7.15061,1,,,
179.99,61.19,Male,18.63957333,-7.21061,1,,,
188.67,94.04,Male,27.31957333,25.63939,1,,,
168.69,79.16,Male,7.339573333,10.75939,1,,,
182.62,84.11,Male,21.26957333,15.70939,1,,,
184.91,94.5,Male,23.55957333,26.09939,1,,,
146.52,70.17,Female,-14.83042667,1.76939,0,,,
136.49,86.13,Female,-24.86042667,17.72939,0,,,
154.99,57.97,Male,-6.360426667,-10.43061,1,,,
181.66,95.3,Male,20.30957333,26.89939,1,,,
179.85,32.32,Male,18.49957333,-36.08061,1,,,
156.48,66.71,Female,-4.870426667,-1.69061,0,,,
144.92,73.09,Female,-16.43042667,4.68939,0,,,
156.46,76.51,Female,-4.890426667,8.10939,0,,,
137.17,58.86,Female,-24.18042667,-9.54061,0,,,
135.57,69,Female,-25.78042667,0.59939,0,,,
173.55,79.02,Male,12.19957333,10.61939,1,,,
163.76,54.7,Male,2.409573333,-13.70061,1,,,
180,81.08,Male,18.64957333,12.67939,1,,,
175.4,89.12,Male,14.04957333,20.71939,1,,,
141,44.31,Female,-20.35042667,-24.09061,0,,,
151.36,69.84,Female,-9.990426667,1.43939,0,,,
151.17,50.96,Female,-10.18042667,-17.44061,0,,,
145.15,53.54,Female,-16.20042667,-14.86061,0,,,
189.76,73.07,Male,28.40957333,4.66939,1,,,
170.91,100.04,Male,9.559573333,31.63939,1,,,
173.93,52.23,Male,12.57957333,-16.17061,1,,,
156.96,88.35,Female,-4.390426667,19.94939,0,,,
149.13,58.79,Female,-12.22042667,-9.61061,0,,,
135.55,64.82,Female,-25.80042667,-3.58061,0,,,
164.13,71.2,Male,2.779573333,2.79939,1,,,
164.44,71.62,Male,3.089573333,3.21939,1,,,
129.95,62.02,Female,-31.40042667,-6.38061,0,,,
158.8,57.34,Female,-2.550426667,-11.06061,0,,,
138.02,74.36,Female,-23.33042667,5.95939,0,,,
132.94,46.57,Female,-28.41042667,-21.83061,0,,,
165.06,50.39,Female,3.709573333,-18.01061,0,,,
156.43,68.86,Female,-4.920426667,0.45939,0,,,
152.3,66.93,Male,-9.050426667,-1.47061,1,,,
168.25,77.09,Male,6.899573333,8.68939,1,,,
178.64,59.34,Male,17.28957333,-9.06061,1,,,
164.61,89.55,Male,3.259573333,21.14939,1,,,
185.27,86.34,Male,23.91957333,17.93939,1,,,
151.48,57.28,Female,-9.870426667,-11.12061,0,,,
137.08,68.66,Female,-24.27042667,0.25939,0,,,
128.3,63.39,Female,-33.05042667,-5.01061,0,,,
177.72,58.24,Male,16.36957333,-10.16061,1,,,
171.95,77.64,Male,10.59957333,9.23939,1,,,
168.52,63.01,Male,7.169573333,-5.39061,1,,,
170.93,77.52,Male,9.579573333,9.11939,1,,,
137.01,61.8,Female,-24.34042667,-6.60061,0,,,
136.96,66.82,Female,-24.39042667,-1.58061,0,,,
147.51,55.69,Female,-13.84042667,-12.71061,0,,,
185.28,76.71,Male,23.92957333,8.30939,1,,,
131.39,54.74,Female,-29.96042667,-13.66061,0,,,
140.33,55.17,Female,-21.02042667,-13.23061,0,,,
158.66,81.9,Male,-2.690426667,13.49939,1,,,
173.11,92.5,Male,11.75957333,24.09939,1,,,
177.27,69.84,Male,15.91957333,1.43939,1,,,
145.63,54.53,Female,-15.72042667,-13.87061,0,,,
153.83,49.44,Female,-7.520426667,-18.96061,0,,,
178.38,63,Male,17.02957333,-5.40061,1,,,
174.46,39.2,Male,13.10957333,-29.20061,1,,,
170.32,74.88,Male,8.969573333,6.47939,1,,,
161.97,68.99,Male,0.619573333,0.58939,1,,,
148.91,40.98,Female,-12.44042667,-27.42061,0,,,
165.45,68.45,Female,4.099573333,0.04939,0,,,
161.46,61.19,Female,0.109573333,-7.21061,0,,,
137.76,82.97,Female,-23.59042667,14.56939,0,,,
145.63,77.31,Male,-15.72042667,8.90939,1,,,
170.13,52.95,Male,8.779573333,-15.45061,1,,,
178.62,89.42,Male,17.26957333,21.01939,1,,,
148.37,65.66,Female,-12.98042667,-2.74061,0,,,
142.83,76.49,Female,-18.52042667,8.08939,0,,,
147.07,46.73,Female,-14.28042667,-21.67061,0,,,
171.38,69.41,Male,10.02957333,1.00939,1,,,
166.4,64.04,Male,5.049573333,-4.36061,1,,,
168.19,63.32,Male,6.839573333,-5.08061,1,,,
178.28,74.64,Male,16.92957333,6.23939,1,,,
135.01,70.58,Female,-26.34042667,2.17939,0,,,
145.29,60.54,Male,-16.06042667,-7.86061,1,,,
143.46,58.52,Female,-17.89042667,-9.88061,0,,,
131.95,68.01,Female,-29.40042667,-0.39061,0,,,
177.17,99.57,Male,15.81957333,31.16939,1,,,
169.36,72.72,Male,8.009573333,4.31939,1,,,
171.07,84.36,Male,9.719573333,15.95939,1,,,
167.12,87.62,Male,5.769573333,19.21939,1,,,
162.07,97.9,Male,0.719573333,29.49939,1,,,
159.74,66.36,Female,-1.610426667,-2.04061,0,,,
162.24,52.32,Female,0.889573333,-16.08061,0,,,
153.68,56.23,Female,-7.670426667,-12.17061,0,,,
183.31,93.18,Male,21.95957333,24.77939,1,,,
171.94,87.74,Male,10.58957333,19.33939,1,,,
167.89,77.48,Male,6.539573333,9.07939,1,,,
176.8,73.81,Male,15.44957333,5.40939,1,,,
167.56,71.21,Male,6.209573333,2.80939,1,,,
178.43,77.57,Male,17.07957333,9.16939,1,,,
148.83,65.2,Female,-12.52042667,-3.20061,0,,,
139.77,62.89,Female,-21.58042667,-5.51061,0,,,
160.5,78.17,Male,-0.850426667,9.76939,1,,,
182.69,52.7,Male,21.33957333,-15.70061,1,,,
139.6,43.07,Female,-21.75042667,-25.33061,0,,,
138.05,63.12,Female,-23.30042667,-5.28061,0,,,
148.89,53.18,Female,-12.46042667,-15.22061,0,,,
138.49,53.86,Female,-22.86042667,-14.54061,0,,,
155.09,49.34,Female,-6.260426667,-19.06061,0,,,
178.78,47.85,Male,17.42957333,-20.55061,1,,,
164.94,100.82,Male,3.589573333,32.41939,1,,,
180.19,88.39,Male,18.83957333,19.98939,1,,,
144.85,54.64,Female,-16.50042667,-13.76061,0,,,
164.39,57.91,Female,3.039573333,-10.49061,0,,,
167.36,64.37,Male,6.009573333,-4.03061,1,,,
168.55,70.26,Male,7.199573333,1.85939,1,,,
179.41,71.78,Male,18.05957333,3.37939,1,,,
170.41,43.84,Male,9.059573333,-24.56061,1,,,
141.16,49.27,Female,-20.19042667,-19.13061,0,,,
167.89,65.98,Male,6.539573333,-2.42061,1,,,
158.14,81.58,Male,-3.210426667,13.17939,1,,,
168.62,96.75,Male,7.269573333,28.34939,1,,,
179.49,88.46,Male,18.13957333,20.05939,1,,,
168.88,74.09,Male,7.529573333,5.68939,1,,,
164.54,94.83,Male,3.189573333,26.42939,1,,,
158.32,61.73,Female,-3.030426667,-6.67061,0,,,
152.11,74.35,Female,-9.240426667,5.94939,0,,,
145.06,57.81,Female,-16.29042667,-10.59061,0,,,
132.34,62.1,Female,-29.01042667,-6.30061,0,,,
165.12,71.28,Male,3.769573333,2.87939,1,,,
156.46,80.07,Male,-4.890426667,11.66939,1,,,
165.38,77.63,Female,4.029573333,9.22939,0,,,
183.45,41.48,Female,22.09957333,-26.92061,0,,,
147.79,71.53,Female,-13.56042667,3.12939,0,,,
129.37,48.94,Female,-31.98042667,-19.46061,0,,,
178.6,81.19,Male,17.24957333,12.78939,1,,,
179.35,85.38,Male,17.99957333,16.97939,1,,,
137.87,56.96,Female,-23.48042667,-11.44061,0,,,
131.37,53.39,Female,-29.98042667,-15.01061,0,,,
166.31,64.72,Female,4.959573333,-3.68061,0,,,
148.83,48.25,Female,-12.52042667,-20.15061,0,,,
159.57,67.11,Female,-1.780426667,-1.29061,0,,,
165.87,38.47,Male,4.519573333,-29.93061,1,,,
155.4,72.91,Male,-5.950426667,4.50939,1,,,
175.57,95.11,Male,14.21957333,26.70939,1,,,
149.07,89.64,Male,-12.28042667,21.23939,1,,,
169.15,60.14,Female,7.799573333,-8.26061,0,,,
164.52,68.49,Female,3.169573333,0.08939,0,,,
157.39,43.13,Female,-3.960426667,-25.27061,0,,,
182.04,76.31,Male,20.68957333,7.90939,1,,,
171.58,63.89,Male,10.22957333,-4.51061,1,,,
152.16,72.59,Female,-9.190426667,4.18939,0,,,
135.1,53.83,Female,-26.25042667,-14.57061,0,,,
142.13,53.33,Female,-19.22042667,-15.07061,0,,,
155.4,56.58,Female,-5.950426667,-11.82061,0,,,
178.95,103.14,Male,17.59957333,34.73939,1,,,
169.83,91.84,Male,8.479573333,23.43939,1,,,
175.77,59.8,Male,14.41957333,-8.60061,1,,,
149.79,57.99,Female,-11.56042667,-10.41061,0,,,
162.65,71.9,Female,1.299573333,3.49939,0,,,
149.72,67.36,Female,-11.63042667,-1.04061,0,,,
174.59,60.11,Male,13.23957333,-8.29061,1,,,
160.15,72.71,Male,-1.200426667,4.30939,1,,,
157.54,49.73,Male,-3.810426667,-18.67061,1,,,
177.98,80.79,Male,16.62957333,12.38939,1,,,
166.71,72.02,Male,5.359573333,3.61939,1,,,
165.14,86.62,Male,3.789573333,18.21939,1,,,
149.26,88.15,Female,-12.09042667,19.74939,0,,,
155.42,60.01,Female,-5.930426667,-8.39061,0,,,
150.2,66.95,Female,-11.15042667,-1.45061,0,,,
163.08,72.41,Female,1.729573333,4.00939,0,,,
171.12,70.76,Male,9.769573333,2.35939,1,,,
156.12,42.67,Female,-5.230426667,-25.73061,0,,,
193.06,42.11,Male,31.70957333,-26.29061,1,,,
161.03,58.15,Male,-0.320426667,-10.25061,1,,,
157.57,66.52,Male,-3.780426667,-1.88061,1,,,
163.5,37.84,Female,2.149573333,-30.56061,0,,,
138.21,63.31,Female,-23.14042667,-5.09061,0,,,
156.25,70.75,Female,-5.100426667,2.34939,0,,,
141.4,49.96,Female,-19.95042667,-18.44061,0,,,
157.67,69.14,Male,-3.680426667,0.73939,1,,,
154.06,98.67,Male,-7.290426667,30.26939,1,,,
189.54,69.71,Male,28.18957333,1.30939,1,,,
152.28,71.21,Male,-9.070426667,2.80939,1,,,
178.1,73.74,Male,16.74957333,5.33939,1,,,
188.96,90.96,Male,27.60957333,22.55939,1,,,
156.8,57.77,Female,-4.550426667,-10.63061,0,,,
151.63,62.21,Female,-9.720426667,-6.19061,0,,,
175.45,50.52,Male,14.09957333,-17.88061,1,,,
196.11,63.62,Male,34.75957333,-4.78061,1,,,
173.26,65.76,Male,11.90957333,-2.64061,1,,,
182.25,89.12,Male,20.89957333,20.71939,1,,,
185.28,86.39,Male,23.92957333,17.98939,1,,,
154.64,77,Female,-6.710426667,8.59939,0,,,
162.12,67.76,Female,0.769573333,-0.64061,0,,,
136.01,53.12,Female,-25.34042667,-15.28061,0,,,
177.55,54.27,Male,16.19957333,-14.13061,1,,,
140.62,66.88,Female,-20.73042667,-1.52061,0,,,
158.53,73.55,Female,-2.820426667,5.14939,0,,,
173.46,53.29,Male,12.10957333,-15.11061,1,,,
157.65,60.89,Female,-3.700426667,-7.51061,0,,,
147.25,53.27,Female,-14.10042667,-15.13061,0,,,
141.31,65.74,Female,-20.04042667,-2.66061,0,,,
179.53,79.24,Male,18.17957333,10.83939,1,,,
162.25,87.46,Male,0.899573333,19.05939,1,,,
171.9,88.18,Male,10.54957333,19.77939,1,,,
149.29,61.14,Female,-12.06042667,-7.26061,0,,,
149.6,50.84,Female,-11.75042667,-17.56061,0,,,
159.68,80.48,Female,-1.670426667,12.07939,0,,,
151.01,50.81,Female,-10.34042667,-17.59061,0,,,
174.17,102.25,Male,12.81957333,33.84939,1,,,
167.32,99.06,Male,5.969573333,30.65939,1,,,
134.6,74.57,Female,-26.75042667,6.16939,0,,,
148.31,67.79,Female,-13.04042667,-0.61061,0,,,
141.87,76.93,Female,-19.48042667,8.52939,0,,,
159.5,85.03,Female,-1.850426667,16.62939,0,,,
148.37,62.08,Female,-12.98042667,-6.32061,0,,,
161.83,79.84,Male,0.479573333,11.43939,1,,,
171,52.49,Male,9.649573333,-15.91061,1,,,
149.52,67.54,Female,-11.83042667,-0.86061,0,,,
155.06,70.51,Female,-6.290426667,2.10939,0,,,
135.5,71.46,Female,-25.85042667,3.05939,0,,,
135.8,56.39,Female,-25.55042667,-12.01061,0,,,
182.86,76.27,Male,21.50957333,7.86939,1,,,
178.14,80.12,Male,16.78957333,11.71939,1,,,
171.77,93.97,Male,10.41957333,25.56939,1,,,
148.75,43.26,Female,-12.60042667,-25.14061,0,,,
136.51,55.15,Female,-24.84042667,-13.25061,0,,,
131.43,62.21,Female,-29.92042667,-6.19061,0,,,
180.85,63.26,Male,19.49957333,-5.14061,1,,,
151.63,59.88,Female,-9.720426667,-8.52061,0,,,
154.42,75.35,Female,-6.930426667,6.94939,0,,,
133.28,57.54,Female,-28.07042667,-10.86061,0,,,
169.34,69.36,Male,7.989573333,0.95939,1,,,
165.69,82.91,Male,4.339573333,14.50939,1,,,
172.72,88.53,Male,11.36957333,20.12939,1,,,
170.44,50.36,Male,9.089573333,-18.04061,1,,,
170.81,41.76,Male,9.459573333,-26.64061,1,,,
166.55,65.14,Male,5.199573333,-3.26061,1,,,
155.8,74.14,Female,-5.550426667,5.73939,0,,,
151.05,92.23,Female,-10.30042667,23.82939,0,,,
142.53,53.32,Female,-18.82042667,-15.08061,0,,,
155.3,44.99,Female,-6.050426667,-23.41061,0,,,
154.55,55.49,Female,-6.800426667,-12.91061,0,,,
173,71.54,Male,11.64957333,3.13939,1,,,
175.51,51.4,Male,14.15957333,-17.00061,1,,,
172.35,67.7,Male,10.99957333,-0.70061,1,,,
167.55,56.36,Male,6.199573333,-12.04061,1,,,
161.23,52.3,Female,-0.120426667,-16.10061,0,,,
140.62,50.26,Female,-20.73042667,-18.14061,0,,,
142.37,84.38,Female,-18.98042667,15.97939,0,,,
168.09,61.37,Male,6.739573333,-7.03061,1,,,
156.23,85.74,Male,-5.120426667,17.33939,1,,,
140.52,66.78,Female,-20.83042667,-1.62061,0,,,
138.45,85.12,Female,-22.90042667,16.71939,0,,,
164.43,54.9,Female,3.079573333,-13.50061,0,,,
143.33,65.87,Female,-18.02042667,-2.53061,0,,,
145.96,52.52,Female,-15.39042667,-15.88061,0,,,
153.83,68.44,Female,-7.520426667,0.03939,0,,,
139.27,59.27,Female,-22.08042667,-9.13061,0,,,
151.55,82.1,Female,-9.800426667,13.69939,0,,,
173.22,67.86,Male,11.86957333,-0.54061,1,,,
169.5,83.96,Male,8.149573333,15.55939,1,,,
176.44,75.41,Male,15.08957333,7.00939,1,,,
163.37,58.71,Female,2.019573333,-9.69061,0,,,
147.27,73.64,Female,-14.08042667,5.23939,0,,,
142.66,45.85,Female,-18.69042667,-22.55061,0,,,
156.21,40.6,Female,-5.140426667,-27.80061,0,,,
144.44,64.88,Female,-16.91042667,-3.52061,0,,,
178.09,93.11,Male,16.73957333,24.70939,1,,,
186.9,81.29,Male,25.54957333,12.88939,1,,,
155.25,87.8,Female,-6.100426667,19.39939,0,,,
145.85,67.64,Female,-15.50042667,-0.76061,0,,,
141.14,75.46,Female,-20.21042667,7.05939,0,,,
150.34,48.77,Female,-11.01042667,-19.63061,0,,,
158.38,73.41,Male,-2.970426667,5.00939,1,,,
151.56,75.46,Female,-9.790426667,7.05939,0,,,
147.34,63.06,Female,-14.01042667,-5.34061,0,,,
144.29,59.55,Female,-17.06042667,-8.85061,0,,,
151.1,39.99,Female,-10.25042667,-28.41061,0,,,
188.86,49.85,Male,27.50957333,-18.55061,1,,,
147.3,53.61,Female,-14.05042667,-14.79061,0,,,
158.1,75.6,Male,-3.250426667,7.19939,1,,,
187.53,85.84,Male,26.17957333,17.43939,1,,,
155.62,76.82,Male,-5.730426667,8.41939,1,,,
176.48,64.8,Male,15.12957333,-3.60061,1,,,
153.65,62.93,Female,-7.700426667,-5.47061,0,,,
171.35,85.59,Female,9.999573333,17.18939,0,,,
180.6,99.77,Male,19.24957333,31.36939,1,,,
144.87,82.94,Female,-16.48042667,14.53939,0,,,
137.33,40.81,Female,-24.02042667,-27.59061,0,,,
175.78,57.71,Male,14.42957333,-10.69061,1,,,
164.57,59.26,Male,3.219573333,-9.14061,1,,,
162.94,94.85,Male,1.589573333,26.44939,1,,,
165.06,51.41,Male,3.709573333,-16.99061,1,,,
164.72,78.83,Male,3.369573333,10.42939,1,,,
140.45,43.77,Female,-20.90042667,-24.63061,0,,,
154.23,68.98,Female,-7.120426667,0.57939,0,,,
155.02,79.61,Female,-6.330426667,11.20939,0,,,
167.32,78.06,Male,5.969573333,9.65939,1,,,
163.14,69.95,Male,1.789573333,1.54939,1,,,
142.24,63.34,Female,-19.11042667,-5.06061,0,,,
170.91,80.03,Female,9.559573333,11.62939,0,,,
165.61,94.66,Male,4.259573333,26.25939,1,,,
162.55,73.56,Male,1.199573333,5.15939,1,,,
166.32,103.17,Male,4.969573333,34.76939,1,,,
146.83,46.41,Female,-14.52042667,-21.99061,0,,,
166.39,62.47,Female,5.039573333,-5.93061,0,,,
151.97,46.15,Female,-9.380426667,-22.25061,0,,,
142.25,66.03,Female,-19.10042667,-2.37061,0,,,
135.55,75.2,Female,-25.80042667,6.79939,0,,,
145.13,58.15,Female,-16.22042667,-10.25061,0,,,
141.76,63.19,Female,-19.59042667,-5.21061,0,,,
146.26,75.2,Female,-15.09042667,6.79939,0,,,
134.11,62.53,Female,-27.24042667,-5.87061,0,,,
159.7,53.67,Female,-1.650426667,-14.73061,0,,,
180.67,98.65,Male,19.31957333,30.24939,1,,,
163.02,53.42,Male,1.669573333,-14.98061,1,,,
165.25,76.28,Male,3.899573333,7.87939,1,,,
191.6,25.9,Male,30.24957333,-42.50061,1,,,
159.04,45.79,Male,-2.310426667,-22.61061,1,,,
201.68,62.71,Male,40.32957333,-5.69061,1,,,
171.82,79.04,Male,10.46957333,10.63939,1,,,
167.47,55.73,Male,6.119573333,-12.67061,1,,,
158.62,72.68,Female,-2.730426667,4.27939,0,,,
158.88,58.94,Female,-2.470426667,-9.46061,0,,,
128.9,60.13,Female,-32.45042667,-8.27061,0,,,
162.22,66.22,Male,0.869573333,-2.18061,1,,,
171.04,71.29,Male,9.689573333,2.88939,1,,,
162.81,68.77,Male,1.459573333,0.36939,1,,,
162.92,68.5,Female,1.569573333,0.09939,0,,,
167.78,43.55,Female,6.429573333,-24.85061,0,,,
156.01,55.11,Female,-5.340426667,-13.29061,0,,,
151.38,55.22,Male,-9.970426667,-13.18061,1,,,
164.77,89.64,Male,3.419573333,21.23939,1,,,
162.11,58.97,Male,0.759573333,-9.43061,1,,,
170,68.09,Male,8.649573333,-0.31061,1,,,
179.56,36.84,Male,18.20957333,-31.56061,1,,,
144.14,55.14,Female,-17.21042667,-13.26061,0,,,
145.57,55.44,Female,-15.78042667,-12.96061,0,,,
154.79,43.48,Female,-6.560426667,-24.92061,0,,,
137.64,71.28,Female,-23.71042667,2.87939,0,,,
144.42,73.92,Female,-16.93042667,5.51939,0,,,
167.61,93.11,Male,6.259573333,24.70939,1,,,
170.09,73.57,Male,8.739573333,5.16939,1,,,
178.82,73.48,Male,17.46957333,5.07939,1,,,
148.03,80.56,Female,-13.32042667,12.15939,0,,,
137.39,70.45,Female,-23.96042667,2.04939,0,,,
157.6,97.07,Male,-3.750426667,28.66939,1,,,
166.93,92.63,Male,5.579573333,24.22939,1,,,
175.43,62.63,Male,14.07957333,-5.77061,1,,,
147.51,77.15,Female,-13.84042667,8.74939,0,,,
194.9,85.58,Male,33.54957333,17.17939,1,,,
185.74,80.72,Male,24.38957333,12.31939,1,,,
171.88,104.68,Male,10.52957333,36.27939,1,,,
171.52,88.18,Male,10.16957333,19.77939,1,,,
175.84,64.61,Male,14.48957333,-3.79061,1,,,
142.82,73.05,Female,-18.53042667,4.64939,0,,,
143.76,41.2,Female,-17.59042667,-27.20061,0,,,
169.48,85.05,Male,8.129573333,16.64939,1,,,
171.22,86.87,Male,9.869573333,18.46939,1,,,
135.27,50.01,Female,-26.08042667,-18.39061,0,,,
143.44,77.64,Female,-17.91042667,9.23939,0,,,
137.22,72.57,Female,-24.13042667,4.16939,0,,,
145.59,72.69,Female,-15.76042667,4.28939,0,,,
137.34,65.37,Female,-24.01042667,-3.03061,0,,,
145.79,485,Female,-15.56042667,416.59939,0,,,
173.89,73.54,Male,12.53957333,5.13939,1,,,
184.25,67.23,Male,22.89957333,-1.17061,1,,,
158.17,67.14,Male,-3.180426667,-1.26061,1,,,
153.66,62.65,Female,-7.690426667,-5.75061,0,,,
156.71,53.83,Male,-4.640426667,-14.57061,1,,,
148.26,99.44,Male,-13.09042667,31.03939,1,,,
164,25.59,Male,2.649573333,-42.81061,1,,,
181.7,53.48,Male,20.34957333,-14.92061,1,,,
169.77,66.7,Male,8.419573333,-1.70061,1,,,
151.66,73.93,Female,-9.690426667,5.52939,0,,,
159.92,64.34,Female,-1.430426667,-4.06061,0,,,
139.38,43.42,Female,-21.97042667,-24.98061,0,,,
125.66,41.1,Female,-35.69042667,-27.30061,0,,,
154.02,62.68,Female,-7.330426667,-5.72061,0,,,
153.19,93.04,Male,-8.160426667,24.63939,1,,,
162.63,57.46,Male,1.279573333,-10.94061,1,,,
170.42,55,Male,9.069573333,-13.40061,1,,,
173.12,59.02,Male,11.76957333,-9.38061,1,,,
151.32,68.68,Female,-10.03042667,0.27939,0,,,
157.64,66.96,Female,-3.710426667,-1.44061,0,,,
160.2,56.64,Female,-1.150426667,-11.76061,0,,,
175.28,69.16,Male,13.92957333,0.75939,1,,,
161.33,89.77,Male,-0.020426667,21.36939,1,,,
168.55,51.02,Female,7.199573333,-17.38061,0,,,
140.38,72.03,Female,-20.97042667,3.62939,0,,,
164.7,57.95,Female,3.349573333,-10.45061,0,,,
133.82,59.25,Female,-27.53042667,-9.15061,0,,,
164.88,96.84,Male,3.529573333,28.43939,1,,,
166.15,73.02,Male,4.799573333,4.61939,1,,,
145.05,52.11,Female,-16.30042667,-16.29061,0,,,
150.47,49.8,Female,-10.88042667,-18.60061,0,,,
154.71,71.66,Female,-6.640426667,3.25939,0,,,
177.25,70.7,Male,15.89957333,2.29939,1,,,
179.06,69.35,Male,17.70957333,0.94939,1,,,
187.79,62.8,Male,26.43957333,-5.60061,1,,,
159.79,78.78,Female,-1.560426667,10.37939,0,,,
171.36,77.91,Male,10.00957333,9.50939,1,,,
172.03,43.83,Male,10.67957333,-24.57061,1,,,
153.9,58.39,Female,-7.450426667,-10.01061,0,,,
149.64,60.07,Female,-11.71042667,-8.33061,0,,,
160.18,54.73,Male,-1.170426667,-13.67061,1,,,
65.8,70.86,Male,-95.55042667,2.45939,1,,,
150.77,65.7,Female,-10.58042667,-2.70061,0,,,
149.9,73.31,Male,-11.45042667,4.90939,1,,,
153.51,66.41,Male,-7.840426667,-1.99061,1,,,
190.24,88.21,Male,28.88957333,19.80939,1,,,
160.95,115.13,Male,-0.400426667,46.72939,1,,,
161.04,56.25,Female,-0.310426667,-12.15061,0,,,
169.57,53.31,Male,8.219573333,-15.09061,1,,,
171.44,54.65,Female,10.08957333,-13.75061,0,,,
161.17,73.61,Female,-0.180426667,5.20939,0,,,
149.69,45.32,Female,-11.66042667,-23.08061,0,,,
143.43,77.2,Female,-17.92042667,8.79939,0,,,
171.58,75.64,Male,10.22957333,7.23939,1,,,
177.33,111.45,Male,15.97957333,43.04939,1,,,
161.71,55.76,Female,0.359573333,-12.64061,0,,,
162.77,59.37,Female,1.419573333,-9.03061,0,,,
165.54,67.11,Male,4.189573333,-1.29061,1,,,
176.67,106.64,Male,15.31957333,38.23939,1,,,
142.82,40.88,Female,-18.53042667,-27.52061,0,,,
154.62,63.13,Female,-6.730426667,-5.27061,0,,,
153.1,61.88,Female,-8.250426667,-6.52061,0,,,
177.73,67.7,Male,16.37957333,-0.70061,1,,,
141.48,35.17,Female,-19.87042667,-33.23061,0,,,
182.6,75.62,Male,21.24957333,7.21939,1,,,
179,79.02,Male,17.64957333,10.61939,1,,,
161.36,69.38,Male,0.009573333,0.97939,1,,,
147.63,68.53,Female,-13.72042667,0.12939,0,,,
139.84,56.88,Female,-21.51042667,-11.52061,0,,,
149.21,42.02,Female,-12.14042667,-26.38061,0,,,
130.58,39.73,Female,-30.77042667,-28.67061,0,,,
161.37,41.95,Female,0.019573333,-26.45061,0,,,
134.17,50.11,Female,-27.18042667,-18.29061,0,,,
125.41,78.22,Female,-35.94042667,9.81939,0,,,
178.88,69.79,Male,17.52957333,1.38939,1,,,
144.04,50.87,Female,-17.31042667,-17.53061,0,,,
169.61,61.47,Male,8.259573333,-6.93061,1,,,
168.28,55.07,Male,6.929573333,-13.33061,1,,,
158.17,62.37,Female,-3.180426667,-6.03061,0,,,
158.78,87.74,Male,-2.570426667,19.33939,1,,,
167.45,74.09,Male,6.099573333,5.68939,1,,,
157.49,78.29,Male,-3.860426667,9.88939,1,,,
174.73,77.3,Male,13.37957333,8.89939,1,,,
169.34,47.52,Male,7.989573333,-20.88061,1,,,
170.98,41.98,Male,9.629573333,-26.42061,1,,,
174.27,74.9,Male,12.91957333,6.49939,1,,,
156.78,95.98,Male,-4.570426667,27.57939,1,,,
156.81,49.08,Female,-4.540426667,-19.32061,0,,,
134.31,79.76,Female,-27.04042667,11.35939,0,,,
184.97,75.04,Male,23.61957333,6.63939,1,,,
166.12,72.14,Male,4.769573333,3.73939,1,,,
168.43,96.4,Male,7.079573333,27.99939,1,,,
129.95,64.12,Female,-31.40042667,-4.28061,0,,,
156.96,65.59,Female,-4.390426667,-2.81061,0,,,
169.66,72.27,Male,8.309573333,3.86939,1,,,
155.23,69.47,Female,-6.120426667,1.06939,0,,,
154.94,73.28,Female,-6.410426667,4.87939,0,,,
146.8,97.19,Female,-14.55042667,28.78939,0,,,
148.58,60.94,Female,-12.77042667,-7.46061,0,,,
157.52,65.39,Female,-3.830426667,-3.01061,0,,,
159.2,73.3,Female,-2.150426667,4.89939,0,,,
164.44,63.33,Male,3.089573333,-5.07061,1,,,
190.4,64.54,Male,29.04957333,-3.86061,1,,,
162.18,90.36,Male,0.829573333,21.95939,1,,,
178.45,91.83,Male,17.09957333,23.42939,1,,,
183.14,56.73,Male,21.78957333,-11.67061,1,,,
133.77,60.12,Female,-27.58042667,-8.28061,0,,,
162.11,65.87,Female,0.759573333,-2.53061,0,,,
172.92,64.45,Male,11.56957333,-3.95061,1,,,
161.87,90.31,Male,0.519573333,21.90939,1,,,
150.51,56.63,Female,-10.84042667,-11.77061,0,,,
139.31,63.84,Female,-22.04042667,-4.56061,0,,,
179.87,70.35,Male,18.51957333,1.94939,1,,,
174.15,54.58,Male,12.79957333,-13.82061,1,,,
167.17,78.57,Male,5.819573333,10.16939,1,,,
173.96,67.85,Male,12.60957333,-0.55061,1,,,
177.69,8.53,Male,16.33957333,-59.87061,1,,,
145.17,55.25,Female,-16.18042667,-13.15061,0,,,
146.51,55.76,Female,-14.84042667,-12.64061,0,,,
165.82,44.16,Male,4.469573333,-24.24061,1,,,
165.35,57.76,Female,3.999573333,-10.64061,0,,,
159.11,72.39,Female,-2.240426667,3.98939,0,,,
156.03,79.19,Male,-5.320426667,10.78939,1,,,
157.93,43.29,Female,-3.420426667,-25.11061,0,,,
171.84,64.56,Female,10.48957333,-3.84061,0,,,
176.54,91.71,Male,15.18957333,23.30939,1,,,
182.08,84.92,Male,20.72957333,16.51939,1,,,
182.13,74.19,Male,20.77957333,5.78939,1,,,
140.57,75.91,Female,-20.78042667,7.50939,0,,,
151.26,47.44,Female,-10.09042667,-20.96061,0,,,
181.46,72,Male,20.10957333,3.59939,1,,,
182.07,92.97,Male,20.71957333,24.56939,1,,,
175.87,82.03,Female,14.51957333,13.62939,0,,,
143.21,53.6,Female,-18.14042667,-14.80061,0,,,
123.01,40.55,Female,-38.34042667,-27.85061,0,,,
132.34,61.38,Female,-29.01042667,-7.02061,0,,,
147.21,69.67,Female,-14.14042667,1.26939,0,,,
165.64,74,Male,4.289573333,5.59939,1,,,
173.55,71.11,Male,12.19957333,2.70939,1,,,
175.85,54.61,Male,14.49957333,-13.79061,1,,,
154.37,80.76,Male,-6.980426667,12.35939,1,,,
159.27,75.04,Male,-2.080426667,6.63939,1,,,
166.14,76.14,Male,4.789573333,7.73939,1,,,
161.03,54.43,Female,-0.320426667,-13.97061,0,,,
164.91,64.94,Female,3.559573333,-3.46061,0,,,
149.19,53.17,Female,-12.16042667,-15.23061,0,,,
160.31,59.77,Female,-1.040426667,-8.63061,0,,,
178.36,65.5,Male,17.00957333,-2.90061,1,,,
164.21,82.78,Male,2.859573333,14.37939,1,,,
169.82,78.2,Male,8.469573333,9.79939,1,,,
133.91,69.58,Female,-27.44042667,1.17939,0,,,
147.2,51.42,Female,-14.15042667,-16.98061,0,,,
162.74,48.24,Female,1.389573333,-20.16061,0,,,
152.89,65.97,Female,-8.460426667,-2.43061,0,,,
140.33,59.67,Female,-21.02042667,-8.73061,0,,,
150.45,66.36,Female,-10.90042667,-2.04061,0,,,
136.3,76.74,Female,-25.05042667,8.33939,0,,,
182.76,64.3,Female,21.40957333,-4.10061,0,,,
167.2,76.72,Male,5.849573333,8.31939,1,,,
162.41,71.65,Male,1.059573333,3.24939,1,,,
162.74,71.61,Male,1.389573333,3.20939,1,,,
150.03,72.18,Female,-11.32042667,3.77939,0,,,
179.98,54.69,Male,18.62957333,-13.71061,1,,,
175.96,67.06,Male,14.60957333,-1.34061,1,,,
154.7,56.52,Male,-6.650426667,-11.88061,1,,,
167.71,67.4,Male,6.359573333,-1.00061,1,,,
163.43,75.8,Male,2.079573333,7.39939,1,,,
170.2,76.61,Male,8.849573333,8.20939,1,,,
133.15,76.96,Female,-28.20042667,8.55939,0,,,
147.22,67.79,Female,-14.13042667,-0.61061,0,,,
163.16,52.76,Female,1.809573333,-15.64061,0,,,
173.82,43.39,Female,12.46957333,-25.01061,0,,,
139.34,58.23,Female,-22.01042667,-10.17061,0,,,
150.13,59.64,Female,-11.22042667,-8.76061,0,,,
167.16,58.73,Male,5.809573333,-9.67061,1,,,
164.2,89.87,Male,2.849573333,21.46939,1,,,
178.19,81.54,Male,16.83957333,13.13939,1,,,
161.88,58.92,Female,0.529573333,-9.48061,0,,,
149.51,44.5,Female,-11.84042667,-23.90061,0,,,
160.42,72.48,Female,-0.930426667,4.07939,0,,,
158.65,66.36,Male,-2.700426667,-2.04061,1,,,
178.89,80.45,Male,17.53957333,12.04939,1,,,
162.97,68.25,Male,1.619573333,-0.15061,1,,,
176.61,54.17,Male,15.25957333,-14.23061,1,,,
179.06,79.68,Male,17.70957333,11.27939,1,,,
172.7,66.75,Male,11.34957333,-1.65061,1,,,
174.21,73.67,Male,12.85957333,5.26939,1,,,
164.47,83.06,Male,3.119573333,14.65939,1,,,
161.59,61.75,Female,0.239573333,-6.65061,0,,,
151.22,64.72,Female,-10.13042667,-3.68061,0,,,
137.55,60.38,Female,-23.80042667,-8.02061,0,,,
145.83,50.93,Female,-15.52042667,-17.47061,0,,,
178.35,53.49,Male,16.99957333,-14.91061,1,,,
170.34,41,Male,8.989573333,-27.40061,1,,,
161.35,58.95,Male,-0.000426667,-9.45061,1,,,
130.47,69.53,Female,-30.88042667,1.12939,0,,,
167.52,67.25,Female,6.169573333,-1.15061,0,,,
176.15,91.66,Male,14.79957333,23.25939,1,,,
180.51,70.24,Male,19.15957333,1.83939,1,,,
150.79,57.52,Female,-10.56042667,-10.88061,0,,,
159.79,60.26,Female,-1.560426667,-8.14061,0,,,
154.36,93.29,Male,-6.990426667,24.88939,1,,,
160.8,88.08,Male,-0.550426667,19.67939,1,,,
161.69,80.92,Male,0.339573333,12.51939,1,,,
157.24,90.31,Male,-4.110426667,21.90939,1,,,
171.33,63.09,Male,9.979573333,-5.31061,1,,,
148.66,79.58,Female,-12.69042667,11.17939,0,,,
157.21,73.77,Female,-4.140426667,5.36939,0,,,
158.41,56.41,Female,-2.940426667,-11.99061,0,,,
143.54,63.09,Female,-17.81042667,-5.31061,0,,,
137.9,54.3,Female,-23.45042667,-14.10061,0,,,
159.51,56.81,Female,-1.840426667,-11.59061,0,,,
185.56,69.82,Male,24.20957333,1.41939,1,,,
166.04,69.78,Male,4.689573333,1.37939,1,,,
155.72,58.36,Female,-5.630426667,-10.04061,0,,,
166.51,58.32,Female,5.159573333,-10.08061,0,,,
132.88,80.07,Female,-28.47042667,11.66939,0,,,
130.99,82.67,Female,-30.36042667,14.26939,0,,,
149.17,56.44,Female,-12.18042667,-11.96061,0,,,
148.27,74.45,Female,-13.08042667,6.04939,0,,,
163.55,83.33,Male,2.199573333,14.92939,1,,,
167.63,69.5,Male,6.279573333,1.09939,1,,,
179.24,68.33,Male,17.88957333,-0.07061,1,,,
170.66,65.07,Male,9.309573333,-3.33061,1,,,
171.38,56.95,Male,10.02957333,-11.45061,1,,,
145.22,46.15,Female,-16.13042667,-22.25061,0,,,
135.23,65.19,Female,-26.12042667,-3.21061,0,,,
145.27,54.57,Female,-16.08042667,-13.83061,0,,,
127.77,50.4,Female,-33.58042667,-18.00061,0,,,
187.13,52.4,Male,25.77957333,-16.00061,1,,,
173.69,76.54,Male,12.33957333,8.13939,1,,,
163.53,57.3,Male,2.179573333,-11.10061,1,,,
152.35,65.55,Male,-9.000426667,-2.85061,1,,,
167.56,110.79,Male,6.209573333,42.38939,1,,,
183.19,96.57,Male,21.83957333,28.16939,1,,,
137.9,67.28,Female,-23.45042667,-1.12061,0,,,
145.56,51.99,Female,-15.79042667,-16.41061,0,,,
174.56,70.31,Female,13.20957333,1.90939,0,,,
161.06,53.96,Female,-0.290426667,-14.44061,0,,,
155.13,68.78,Female,-6.220426667,0.37939,0,,,
152.85,54.75,Female,-8.500426667,-13.65061,0,,,
152.19,56.79,Female,-9.160426667,-11.61061,0,,,
173.38,93.71,Male,12.02957333,25.30939,1,,,
166.25,76.15,Male,4.899573333,7.74939,1,,,
182.59,49.65,Male,21.23957333,-18.75061,1,,,
147.76,68.74,Female,-13.59042667,0.33939,0,,,
133.57,55.3,Female,-27.78042667,-13.10061,0,,,
168.86,70.45,Male,7.509573333,2.04939,1,,,
169.55,68.11,Male,8.199573333,-0.29061,1,,,
157.98,82.84,Male,-3.370426667,14.43939,1,,,
181.59,98.41,Male,20.23957333,30.00939,1,,,
170.21,60.88,Male,8.859573333,-7.52061,1,,,
142.54,74.82,Female,-18.81042667,6.41939,0,,,
166.64,68.77,Female,5.289573333,0.36939,0,,,
145.38,93.04,Female,-15.97042667,24.63939,0,,,
149.68,69.46,Female,-11.67042667,1.05939,0,,,
155.18,56.27,Female,-6.170426667,-12.13061,0,,,
147.4,49.25,Female,-13.95042667,-19.15061,0,,,
151.13,67.52,Female,-10.22042667,-0.88061,0,,,
170.04,88.08,Male,8.689573333,19.67939,1,,,
185.34,86.72,Male,23.98957333,18.31939,1,,,
156.23,64,Male,-5.120426667,-4.40061,1,,,
168.71,54.57,Male,7.359573333,-13.83061,1,,,
179.18,81.96,Male,17.82957333,13.55939,1,,,
155.24,66.71,Female,-6.110426667,-1.69061,0,,,
143.47,70.61,Female,-17.88042667,2.20939,0,,,
166.45,66.08,Female,5.099573333,-2.32061,0,,,
142.21,50.24,Female,-19.14042667,-18.16061,0,,,
146.44,53.28,Female,-14.91042667,-15.12061,0,,,
143.07,56.89,Female,-18.28042667,-11.51061,0,,,
179.8,70.73,Male,18.44957333,2.32939,1,,,
173.15,65.88,Male,11.79957333,-2.52061,1,,,
162.08,70.18,Male,0.729573333,1.77939,1,,,
148.05,82.05,Female,-13.30042667,13.64939,0,,,
150.69,44.81,Female,-10.66042667,-23.59061,0,,,
140.83,67.83,Female,-20.52042667,-0.57061,0,,,
141.52,51.96,Female,-19.83042667,-16.44061,0,,,
183.92,75.7,Male,22.56957333,7.29939,1,,,
153.12,53.03,Female,-8.230426667,-15.37061,0,,,
172.83,72.81,Male,11.47957333,4.40939,1,,,
160.47,92.82,Male,-0.880426667,24.41939,1,,,
130.47,53.51,Female,-30.88042667,-14.89061,0,,,
153.56,42.89,Female,-7.790426667,-25.51061,0,,,
124.93,87.03,Female,-36.42042667,18.62939,0,,,
141.66,62.73,Female,-19.69042667,-5.67061,0,,,
174.54,50.55,Male,13.18957333,-17.85061,1,,,
148.35,63.91,Female,-13.00042667,-4.49061,0,,,
150.08,65.92,Female,-11.27042667,-2.48061,0,,,
155.63,48.89,Male,-5.720426667,-19.51061,1,,,
163.97,57.18,Female,2.619573333,-11.22061,0,,,
160.38,77.49,Female,-0.970426667,9.08939,0,,,
145.01,66.28,Female,-16.34042667,-2.12061,0,,,
162.43,80.49,Female,1.079573333,12.08939,0,,,
137.97,63.67,Female,-23.38042667,-4.73061,0,,,
145.89,80.52,Female,-15.46042667,12.11939,0,,,
180.38,52.64,Male,19.02957333,-15.76061,1,,,
145.05,66.65,Male,-16.30042667,-1.75061,1,,,
190.41,90.25,Male,29.05957333,21.84939,1,,,
154.37,73.72,Female,-6.980426667,5.31939,0,,,
150.07,60.31,Female,-11.28042667,-8.09061,0,,,
138.9,71.77,Female,-22.45042667,3.36939,0,,,
168.03,90.04,Male,6.679573333,21.63939,1,,,
170.24,80.65,Male,8.889573333,12.24939,1,,,
167.49,69.19,Male,6.139573333,0.78939,1,,,
168.58,54.72,Male,7.229573333,-13.68061,1,,,
179.05,66.42,Male,17.69957333,-1.98061,1,,,
172.03,80.42,Male,10.67957333,12.01939,1,,,
176.59,72.05,Male,15.23957333,3.64939,1,,,
165.14,57.87,Female,3.789573333,-10.53061,0,,,
147.23,63.7,Female,-14.12042667,-4.70061,0,,,
173.56,73.2,Male,12.20957333,4.79939,1,,,
193.28,82.5,Male,31.92957333,14.09939,1,,,
174.55,67.31,Male,13.19957333,-1.09061,1,,,
141.7,46.64,Female,-19.65042667,-21.76061,0,,,
158.56,61.1,Female,-2.790426667,-7.30061,0,,,
152.4,37.26,Female,-8.950426667,-31.14061,0,,,
157.92,64.36,Female,-3.430426667,-4.04061,0,,,
166.67,48.03,Male,5.319573333,-20.37061,1,,,
177.47,98.54,Male,16.11957333,30.13939,1,,,
169.32,90.45,Male,7.969573333,22.04939,1,,,
134.83,68.27,Female,-26.52042667,-0.13061,0,,,
143.62,62.91,Female,-17.73042667,-5.49061,0,,,
162.01,66.45,Male,0.659573333,-1.95061,1,,,
167.34,61.63,Male,5.989573333,-6.77061,1,,,
150.25,86.49,Female,-11.10042667,18.08939,0,,,
166.74,70.41,Female,5.389573333,2.00939,0,,,
155.93,68.56,Male,-5.420426667,0.15939,1,,,
152.98,51.93,Female,-8.370426667,-16.47061,0,,,
164.73,44.72,Female,3.379573333,-23.68061,0,,,
148.54,55.62,Female,-12.81042667,-12.78061,0,,,
176.22,72.14,Female,14.86957333,3.73939,0,,,
178.35,57.68,Male,16.99957333,-10.72061,1,,,
171.54,72.37,Male,10.18957333,3.96939,1,,,
171.94,81.86,Male,10.58957333,13.45939,1,,,
150.81,24.57,Female,-10.54042667,-43.83061,0,,,
134.01,34.21,Female,-27.34042667,-34.19061,0,,,
119.34,55.83,Female,-42.01042667,-12.57061,0,,,
156.14,31.39,Female,-5.210426667,-37.01061,0,,,
126.4,75.09,Female,-34.95042667,6.68939,0,,,
176.38,67.44,Male,15.02957333,-0.96061,1,,,
176.95,63.66,Male,15.59957333,-4.74061,1,,,
139.08,62.56,Female,-22.27042667,-5.84061,0,,,
140.72,48.6,Female,-20.63042667,-19.80061,0,,,
155.85,60.11,Female,-5.500426667,-8.29061,0,,,
136.54,49.96,Female,-24.81042667,-18.44061,0,,,
151.85,63.28,Male,-9.500426667,-5.12061,1,,,
181.89,89.08,Male,20.53957333,20.67939,1,,,
183.47,84.43,Male,22.11957333,16.02939,1,,,
158.16,102.04,Male,-3.190426667,33.63939,1,,,
150.62,92.91,Female,-10.73042667,24.50939,0,,,
151.78,48.93,Female,-9.570426667,-19.47061,0,,,
167.03,89.34,Male,5.679573333,20.93939,1,,,
147.52,62.7,Female,-13.83042667,-5.70061,0,,,
157.38,54.86,Female,-3.970426667,-13.54061,0,,,
183.48,77.01,Male,22.12957333,8.60939,1,,,
183.61,85.87,Male,22.25957333,17.46939,1,,,
154.05,91.01,Male,-7.300426667,22.60939,1,,,
158.74,75.16,Female,-2.610426667,6.75939,0,,,
144.26,50.34,Female,-17.09042667,-18.06061,0,,,
152.49,40.3,Female,-8.860426667,-28.10061,0,,,
163.95,73.62,Female,2.599573333,5.21939,0,,,
178.97,73.16,Male,17.61957333,4.75939,1,,,
152.01,72.02,Male,-9.340426667,3.61939,1,,,
166.03,100.28,Male,4.679573333,31.87939,1,,,
166.75,85.73,Male,5.399573333,17.32939,1,,,
169.63,66.27,Male,8.279573333,-2.13061,1,,,
179.32,95.28,Male,17.96957333,26.87939,1,,,
147.79,55.48,Female,-13.56042667,-12.92061,0,,,
168,46.45,Male,6.649573333,-21.95061,1,,,
176.07,55.8,Male,14.71957333,-12.60061,1,,,
154.85,66.26,Female,-6.500426667,-2.14061,0,,,
145.32,83.69,Female,-16.03042667,15.28939,0,,,
154.8,42.44,Female,-6.550426667,-25.96061,0,,,
136.57,55.27,Female,-24.78042667,-13.13061,0,,,
176.88,76.43,Male,15.52957333,8.02939,1,,,
137.71,67.82,Female,-23.64042667,-0.58061,0,,,
165.35,56.45,Female,3.999573333,-11.95061,0,,,
130.76,59.97,Female,-30.59042667,-8.43061,0,,,
146.42,76.25,Female,-14.93042667,7.84939,0,,,
153.52,69.57,Female,-7.830426667,1.16939,0,,,
170.95,66.37,Male,9.599573333,-2.03061,1,,,
175.94,76.27,Male,14.58957333,7.86939,1,,,
168.62,88.93,Male,7.269573333,20.52939,1,,,
151.78,70.7,Female,-9.570426667,2.29939,0,,,
139.88,50.47,Female,-21.47042667,-17.93061,0,,,
156.62,86.86,Male,-4.730426667,18.45939,1,,,
150.34,83.63,Male,-11.01042667,15.22939,1,,,
159.5,53.37,Female,-1.850426667,-15.03061,0,,,
167.84,67.84,Female,6.489573333,-0.56061,0,,,
162.51,64.87,Male,1.159573333,-3.53061,1,,,
171.46,89.4,Male,10.10957333,20.99939,1,,,
162.9,56.46,Female,1.549573333,-11.94061,0,,,
151.81,50.08,Female,-9.540426667,-18.32061,0,,,
142.98,61.67,Female,-18.37042667,-6.73061,0,,,
167.87,52.88,Female,6.519573333,-15.52061,0,,,
139.13,67.6,Female,-22.22042667,-0.80061,0,,,
174.42,44.91,Female,13.06957333,-23.49061,0,,,
150.01,53.48,Female,-11.34042667,-14.92061,0,,,
154.18,64.59,Female,-7.170426667,-3.81061,0,,,
179.03,58.24,Male,17.67957333,-10.16061,1,,,
155.27,56.57,Male,-6.080426667,-11.83061,1,,,
162.3,52.12,Female,0.949573333,-16.28061,0,,,
172.27,80.59,Male,10.91957333,12.18939,1,,,
175.79,71.99,Male,14.43957333,3.58939,1,,,
145.63,67.91,Female,-15.72042667,-0.49061,0,,,
148.96,80.21,Female,-12.39042667,11.80939,0,,,
141.22,83.79,Female,-20.13042667,15.38939,0,,,
147.54,64.61,Female,-13.81042667,-3.79061,0,,,
143.92,55.65,Female,-17.43042667,-12.75061,0,,,
173.6,81.7,Male,12.24957333,13.29939,1,,,
141.29,51.61,Male,-20.06042667,-16.79061,1,,,
184.21,90.21,Male,22.85957333,21.80939,1,,,
169.65,70.62,Male,8.299573333,2.21939,1,,,
171.15,62.33,Male,9.799573333,-6.07061,1,,,
153.27,85.02,Female,-8.080426667,16.61939,0,,,
160.03,67.01,Male,-1.320426667,-1.39061,1,,,
148.76,101.64,Male,-12.59042667,33.23939,1,,,
172.65,79.71,Male,11.29957333,11.30939,1,,,
127.82,56.02,Female,-33.53042667,-12.38061,0,,,
159.74,53.51,Female,-1.610426667,-14.89061,0,,,
160.29,63.48,Female,-1.060426667,-4.92061,0,,,
166.16,73.32,Female,4.809573333,4.91939,0,,,
160.52,91.49,Male,-0.830426667,23.08939,1,,,
173.16,86.22,Male,11.80957333,17.81939,1,,,
169.89,97.34,Male,8.539573333,28.93939,1,,,
181.57,71.67,Male,20.21957333,3.26939,1,,,
189.61,55.04,Male,28.25957333,-13.36061,1,,,
170.95,96.34,Male,9.599573333,27.93939,1,,,
166.31,72.28,Male,4.959573333,3.87939,1,,,
163.82,67.17,Female,2.469573333,-1.23061,0,,,
139.58,72.78,Female,-21.77042667,4.37939,0,,,
161.15,68.59,Male,-0.200426667,0.18939,1,,,
158.18,66.24,Male,-3.170426667,-2.16061,1,,,
143.22,76.3,Female,-18.13042667,7.89939,0,,,
141.04,75.17,Female,-20.31042667,6.76939,0,,,
160.71,92.59,Female,-0.640426667,24.18939,0,,,
128.28,57.88,Female,-33.07042667,-10.52061,0,,,
141.22,39.56,Female,-20.13042667,-28.84061,0,,,
161.33,82.71,Female,-0.020426667,14.30939,0,,,
158.38,92.29,Male,-2.970426667,23.88939,1,,,
160.56,76.94,Male,-0.790426667,8.53939,1,,,
158.71,76.64,Male,-2.640426667,8.23939,1,,,
172.54,64.66,Male,11.18957333,-3.74061,1,,,
179.69,77.05,Male,18.33957333,8.64939,1,,,
162.62,68.61,Male,1.269573333,0.20939,1,,,
158.53,57.53,Female,-2.820426667,-10.87061,0,,,
144.74,52.28,Female,-16.61042667,-16.12061,0,,,
161.33,74.64,Female,-0.020426667,6.23939,0,,,
121.77,72.93,Female,-39.58042667,4.52939,0,,,
172.84,45.13,Male,11.48957333,-23.27061,1,,,
163.57,99.45,Male,2.219573333,31.04939,1,,,
169.91,85.81,Male,8.559573333,17.40939,1,,,
165.17,61.73,Female,3.819573333,-6.67061,0,,,
157.9,72.49,Female,-3.450426667,4.08939,0,,,
166.4,86.8,Male,5.049573333,18.39939,1,,,
149.18,52.37,Female,-12.17042667,-16.03061,0,,,
157.42,68.6,Female,-3.930426667,0.19939,0,,,
149.25,69.32,Female,-12.10042667,0.91939,0,,,
136.55,56.55,Female,-24.80042667,-11.85061,0,,,
153.65,68.04,Female,-7.700426667,-0.36061,0,,,
129.43,80.96,Female,-31.92042667,12.55939,0,,,
155.94,56.45,Female,-5.410426667,-11.95061,0,,,
139.71,78,Female,-21.64042667,9.59939,0,,,
154.39,84.92,Female,-6.960426667,16.51939,0,,,
177.92,86.59,Male,16.56957333,18.18939,1,,,
166.95,113.09,Male,5.599573333,44.68939,1,,,
158.41,56.87,Male,-2.940426667,-11.53061,1,,,
164.6,52.15,Male,3.249573333,-16.25061,1,,,
156.14,54.86,Female,-5.210426667,-13.54061,0,,,
141.74,68.18,Female,-19.61042667,-0.22061,0,,,
183.67,73.92,Male,22.31957333,5.51939,1,,,
151.2,64.45,Male,-10.15042667,-3.95061,1,,,
162.86,74.08,Male,1.509573333,5.67939,1,,,
136.53,60.39,Female,-24.82042667,-8.01061,0,,,
157.44,84.59,Female,-3.910426667,16.18939,0,,,
138.41,70.69,Female,-22.94042667,2.28939,0,,,
151.97,82.26,Female,-9.380426667,13.85939,0,,,
146.49,63.73,Female,-14.86042667,-4.67061,0,,,
142.71,71.76,Female,-18.64042667,3.35939,0,,,
173.93,50,Male,12.57957333,-18.40061,1,,,
178.33,72.97,Male,16.97957333,4.56939,1,,,
176.93,98.45,Male,15.57957333,30.04939,1,,,
168.76,89.31,Male,7.409573333,20.90939,1,,,
164.18,73.52,Male,2.829573333,5.11939,1,,,
180.18,72.05,Male,18.82957333,3.64939,1,,,
135.94,84.21,Female,-25.41042667,15.80939,0,,,
152.23,55.84,Female,-9.120426667,-12.56061,0,,,
157.68,63.31,Female,-3.670426667,-5.09061,0,,,
146.79,79.73,Female,-14.56042667,11.32939,0,,,
151.64,64.65,Female,-9.710426667,-3.75061,0,,,
139.07,82.57,Female,-22.28042667,14.16939,0,,,
154.7,80.9,Male,-6.650426667,12.49939,1,,,
164.6,79.31,Male,3.249573333,10.90939,1,,,
135.39,54.46,Female,-25.96042667,-13.94061,0,,,
167.69,62.63,Female,6.339573333,-5.77061,0,,,
162.38,60.54,Female,1.029573333,-7.86061,0,,,
159.01,50.52,Female,-2.340426667,-17.88061,0,,,
159.67,100.77,Male,-1.680426667,32.36939,1,,,
171.59,67.66,Male,10.23957333,-0.74061,1,,,
174.78,50.3,Female,13.42957333,-18.10061,0,,,
145.51,67.14,Female,-15.84042667,-1.26061,0,,,
170.73,51.21,Male,9.379573333,-17.19061,1,,,
157.02,78.84,Male,-4.330426667,10.43939,1,,,
142.86,50.8,Female,-18.49042667,-17.60061,0,,,
160.39,67.49,Female,-0.960426667,-0.91061,0,,,
155.12,103.23,Male,-6.230426667,34.82939,1,,,
173.97,68.51,Male,12.61957333,0.10939,1,,,
184.53,58.12,Male,23.17957333,-10.28061,1,,,
164.93,104.16,Male,3.579573333,35.75939,1,,,
174.57,91.64,Male,13.21957333,23.23939,1,,,
157.71,89.31,Male,-3.640426667,20.90939,1,,,
174.73,49.72,Male,13.37957333,-18.68061,1,,,
157.95,48.2,Female,-3.400426667,-20.20061,0,,,
167.97,63.86,Female,6.619573333,-4.54061,0,,,
162.09,53.62,Female,0.739573333,-14.78061,0,,,
129,71.79,Female,-32.35042667,3.38939,0,,,
171.24,76.63,Male,9.889573333,8.22939,1,,,
166.24,59.83,Male,4.889573333,-8.57061,1,,,
159.71,65.01,Male,-1.640426667,-3.39061,1,,,
174.54,78.03,Male,13.18957333,9.62939,1,,,
159.67,67.67,Male,-1.680426667,-0.73061,1,,,
142.06,69.08,Female,-19.29042667,0.67939,0,,,
155,68.31,Female,-6.350426667,-0.09061,0,,,
165.44,57.85,Female,4.089573333,-10.55061,0,,,
171.58,50.81,Female,10.22957333,-17.59061,0,,,
164.15,71.78,Male,2.799573333,3.37939,1,,,
173.35,83.78,Male,11.99957333,15.37939,1,,,
144.98,78.85,Female,-16.37042667,10.44939,0,,,
150,65.12,Female,-11.35042667,-3.28061,0,,,
141.16,59.95,Female,-20.19042667,-8.45061,0,,,
176.06,86.96,Male,14.70957333,18.55939,1,,,
162.91,68.76,Male,1.559573333,0.35939,1,,,
179.9,43.86,Male,18.54957333,-24.54061,1,,,
141.67,61.01,Female,-19.68042667,-7.39061,0,,,
150.35,67.09,Female,-11.00042667,-1.31061,0,,,
154.65,59.89,Female,-6.700426667,-8.51061,0,,,
172.83,85.28,Male,11.47957333,16.87939,1,,,
173.43,77.42,Male,12.07957333,9.01939,1,,,
125.97,73.6,Female,-35.38042667,5.19939,0,,,
183.04,80.55,Male,21.68957333,12.14939,1,,,
165.39,68.36,Male,4.039573333,-0.04061,1,,,
173.13,80.99,Male,11.77957333,12.58939,1,,,
159.88,73.67,Male,-1.470426667,5.26939,1,,,
142.74,49.87,Female,-18.61042667,-18.53061,0,,,
155.45,54.38,Male,-5.900426667,-14.02061,1,,,
175.97,65.09,Male,14.61957333,-3.31061,1,,,
172.04,76.5,Male,10.68957333,8.09939,1,,,
161.08,50.28,Male,-0.270426667,-18.12061,1,,,
174.51,95.35,Male,13.15957333,26.94939,1,,,
179.44,81.91,Male,18.08957333,13.50939,1,,,
137.09,44.96,Female,-24.26042667,-23.44061,0,,,
146.12,73.9,Female,-15.23042667,5.49939,0,,,
157.31,66.85,Male,-4.040426667,-1.55061,1,,,
165.32,85.36,Male,3.969573333,16.95939,1,,,
133.94,62.49,Female,-27.41042667,-5.91061,0,,,
134.44,38.82,Female,-26.91042667,-29.58061,0,,,
160.32,71.95,Female,-1.030426667,3.54939,0,,,
175.84,67.51,Female,14.48957333,-0.89061,0,,,
170.55,86.85,Male,9.199573333,18.44939,1,,,
181.18,85.73,Male,19.82957333,17.32939,1,,,
180.85,104.23,Male,19.49957333,35.82939,1,,,
162.5,59.96,Male,1.149573333,-8.44061,1,,,
178.35,83.55,Male,16.99957333,15.14939,1,,,
163.57,63.72,Female,2.219573333,-4.68061,0,,,
170.15,56.24,Female,8.799573333,-12.16061,0,,,
182.37,72.29,Male,21.01957333,3.88939,1,,,
173.26,84.82,Male,11.90957333,16.41939,1,,,
157.62,62.47,Female,-3.730426667,-5.93061,0,,,
155.93,61.99,Female,-5.420426667,-6.41061,0,,,
126.3,50.74,Female,-35.05042667,-17.66061,0,,,
169.98,87.06,Male,8.629573333,18.65939,1,,,
175.5,74.45,Male,14.14957333,6.04939,1,,,
158.9,68.57,Male,-2.450426667,0.16939,1,,,
181.02,60.57,Male,19.66957333,-7.83061,1,,,
147.2,63.12,Female,-14.15042667,-5.28061,0,,,
129.45,81.4,Female,-31.90042667,12.99939,0,,,
151.35,63.48,Female,-10.00042667,-4.92061,0,,,
160.17,63.71,Female,-1.180426667,-4.69061,0,,,
174.49,90.13,Male,13.13957333,21.72939,1,,,
175.77,64.08,Male,14.41957333,-4.32061,1,,,
143.45,52.97,Female,-17.90042667,-15.43061,0,,,
184.28,66.52,Male,22.92957333,-1.88061,1,,,
132.83,60.44,Female,-28.52042667,-7.96061,0,,,
135.17,53.93,Female,-26.18042667,-14.47061,0,,,
166.05,59.88,Female,4.699573333,-8.52061,0,,,
164.05,74.37,Male,2.699573333,5.96939,1,,,
171.88,64.77,Male,10.52957333,-3.63061,1,,,
146.88,51.03,Female,-14.47042667,-17.37061,0,,,
125.27,68.46,Female,-36.08042667,0.05939,0,,,
173.37,90.61,Male,12.01957333,22.20939,1,,,
159.61,57.16,Female,-1.740426667,-11.24061,0,,,
153.32,79.31,Female,-8.030426667,10.90939,0,,,
144.79,36.58,Female,-16.56042667,-31.82061,0,,,
171.4,69.68,Male,10.04957333,1.27939,1,,,
150.77,61.25,Male,-10.58042667,-7.15061,1,,,
153.47,37.87,Female,-7.880426667,-30.53061,0,,,
152.18,59.06,Female,-9.170426667,-9.34061,0,,,
156.47,49.67,Male,-4.880426667,-18.73061,1,,,
172.32,86.97,Male,10.96957333,18.56939,1,,,
136.54,72.59,Female,-24.81042667,4.18939,0,,,
156,58.08,Female,-5.350426667,-10.32061,0,,,
175.92,71.58,Male,14.56957333,3.17939,1,,,
181.04,70.69,Male,19.68957333,2.28939,1,,,
187.17,72.98,Male,25.81957333,4.57939,1,,,
184.83,83.24,Male,23.47957333,14.83939,1,,,
164.02,97.37,Male,2.669573333,28.96939,1,,,
160.83,75.76,Male,-0.520426667,7.35939,1,,,
173.75,65.55,Male,12.39957333,-2.85061,1,,,
173.37,57.74,Male,12.01957333,-10.66061,1,,,
174.73,63.65,Male,13.37957333,-4.75061,1,,,
148.46,67.49,Female,-12.89042667,-0.91061,0,,,
168.31,73.28,Male,6.959573333,4.87939,1,,,
158.24,50.72,Female,-3.110426667,-17.68061,0,,,
157.23,52.77,Female,-4.120426667,-15.63061,0,,,
147.16,68.7,Female,-14.19042667,0.29939,0,,,
163.85,60.93,Male,2.499573333,-7.47061,1,,,
199.86,87.05,Male,38.50957333,18.64939,1,,,
143.84,48.37,Female,-17.51042667,-20.03061,0,,,
161.71,73.45,Female,0.359573333,5.04939,0,,,
171.57,74.15,Male,10.21957333,5.74939,1,,,
184.5,74.68,Male,23.14957333,6.27939,1,,,
171.57,62.07,Male,10.21957333,-6.33061,1,,,
170.8,69.52,Male,9.449573333,1.11939,1,,,
172.45,69.2,Male,11.09957333,0.79939,1,,,
162.64,100.84,Male,1.289573333,32.43939,1,,,
185.51,52.75,Male,24.15957333,-15.65061,1,,,
156.19,73.49,Male,-5.160426667,5.08939,1,,,
163.38,58.77,Female,2.029573333,-9.63061,0,,,
145.86,45.28,Female,-15.49042667,-23.12061,0,,,
167.53,78.13,Male,6.179573333,9.72939,1,,,
189.87,63.78,Male,28.51957333,-4.62061,1,,,
177.39,40.28,Male,16.03957333,-28.12061,1,,,
162.47,60.1,Female,1.119573333,-8.30061,0,,,
141.67,70.76,Female,-19.68042667,2.35939,0,,,
144.98,58.31,Female,-16.37042667,-10.09061,0,,,
147.65,58.13,Female,-13.70042667,-10.27061,0,,,
190.69,96.4,Male,29.33957333,27.99939,1,,,
169.11,54.89,Male,7.759573333,-13.51061,1,,,
177.48,85.77,Male,16.12957333,17.36939,1,,,
165.76,78.33,Male,4.409573333,9.92939,1,,,
155.81,70.71,Female,-5.540426667,2.30939,0,,,
168.74,73.59,Female,7.389573333,5.18939,0,,,
162.06,58.12,Female,0.709573333,-10.28061,0,,,
138.2,69.12,Female,-23.15042667,0.71939,0,,,
150.07,46.46,Female,-11.28042667,-21.94061,0,,,
129.39,73.66,Female,-31.96042667,5.25939,0,,,
160.04,70.59,Male,-1.310426667,2.18939,1,,,
180.22,66.11,Male,18.86957333,-2.29061,1,,,
126.48,63.22,Female,-34.87042667,-5.18061,0,,,
137.95,45.8,Female,-23.40042667,-22.60061,0,,,
176.19,41.23,Male,14.83957333,-27.17061,1,,,
170.86,77.31,Male,9.509573333,8.90939,1,,,
149.58,66.27,Female,-11.77042667,-2.13061,0,,,
149.04,49.29,Female,-12.31042667,-19.11061,0,,,
169.33,61.61,Male,7.979573333,-6.79061,1,,,
158.5,65.71,Male,-2.850426667,-2.69061,1,,,
149.61,66.96,Female,-11.74042667,-1.44061,0,,,
177.6,76.2,Male,16.24957333,7.79939,1,,,
182.78,81.95,Male,21.42957333,13.54939,1,,,
182.61,72.38,Male,21.25957333,3.97939,1,,,
201.43,89.82,Male,40.07957333,21.41939,1,,,
153.6,70.02,Female,-7.750426667,1.61939,0,,,
139.57,70.44,Female,-21.78042667,2.03939,0,,,
143.72,49.41,Female,-17.63042667,-18.99061,0,,,
139.93,62.31,Female,-21.42042667,-6.09061,0,,,
142.22,59.65,Female,-19.13042667,-8.75061,0,,,
155.18,62.14,Female,-6.170426667,-6.26061,0,,,
150.57,57.14,Female,-10.78042667,-11.26061,0,,,
181.84,67.72,Male,20.48957333,-0.68061,1,,,
177.8,34.73,Male,16.44957333,-33.67061,1,,,
179.76,85.41,Male,18.40957333,17.00939,1,,,
162.52,46.48,Female,1.169573333,-21.92061,0,,,
147.06,62.49,Female,-14.29042667,-5.91061,0,,,
153.71,59.21,Female,-7.640426667,-9.19061,0,,,
142.06,71.74,Female,-19.29042667,3.33939,0,,,
164.13,72.56,Male,2.779573333,4.15939,1,,,
172.51,71.38,Male,11.15957333,2.97939,1,,,
167.41,107,Male,6.059573333,38.59939,1,,,
153.12,62.23,Female,-8.230426667,-6.17061,0,,,
152.8,57.87,Female,-8.550426667,-10.53061,0,,,
155.33,53.79,Female,-6.020426667,-14.61061,0,,,
166.81,83.14,Female,5.459573333,14.73939,0,,,
135.77,48.99,Female,-25.58042667,-19.41061,0,,,
146.04,53.72,Female,-15.31042667,-14.68061,0,,,
153.93,56.54,Female,-7.420426667,-11.86061,0,,,
151.92,81.95,Female,-9.430426667,13.54939,0,,,
172.14,63.91,Male,10.78957333,-4.49061,1,,,
173.58,89.19,Male,12.22957333,20.78939,1,,,
169.6,97.5,Male,8.249573333,29.09939,1,,,
191.48,62.19,Male,30.12957333,-6.21061,1,,,
155.85,100.92,Male,-5.500426667,32.51939,1,,,
168.54,90.72,Male,7.189573333,22.31939,1,,,
177.16,99.55,Male,15.80957333,31.14939,1,,,
170.22,78.24,Male,8.869573333,9.83939,1,,,
160.22,52.09,Female,-1.130426667,-16.31061,0,,,
158.59,72.73,Female,-2.760426667,4.32939,0,,,
142.59,60.14,Female,-18.76042667,-8.26061,0,,,
171.45,73.64,Male,10.09957333,5.23939,1,,,
180.55,92.92,Male,19.19957333,24.51939,1,,,
150.42,62.66,Female,-10.93042667,-5.74061,0,,,
158.32,75.66,Female,-3.030426667,7.25939,0,,,
189.43,59.06,Female,28.07957333,-9.34061,0,,,
181.79,35.47,Male,20.43957333,-32.93061,1,,,
183.81,60.28,Male,22.45957333,-8.12061,1,,,
163.14,91.7,Male,1.789573333,23.29939,1,,,
160.41,77.99,Male,-0.940426667,9.58939,1,,,
188.1,61.91,Male,26.74957333,-6.49061,1,,,
156.22,74.67,Male,-5.130426667,6.26939,1,,,
178.34,78.26,Male,16.98957333,9.85939,1,,,
140.84,45.2,Female,-20.51042667,-23.20061,0,,,
155.48,69.44,Female,-5.870426667,1.03939,0,,,
169.83,76.46,Male,8.479573333,8.05939,1,,,
147.17,50.37,Male,-14.18042667,-18.03061,1,,,
170.55,72.24,Male,9.199573333,3.83939,1,,,
179.66,81.02,Male,18.30957333,12.61939,1,,,
128.6,38.92,Female,-32.75042667,-29.48061,0,,,
130.31,79.14,Female,-31.04042667,10.73939,0,,,
155.32,64.58,Female,-6.030426667,-3.82061,0,,,
146.73,71.18,Female,-14.62042667,2.77939,0,,,
150.32,58.45,Female,-11.03042667,-9.95061,0,,,
167.75,96,Male,6.399573333,27.59939,1,,,
164.15,71.03,Male,2.799573333,2.62939,1,,,
178.52,63.13,Male,17.16957333,-5.27061,1,,,
181.41,88.05,Male,20.05957333,19.64939,1,,,
183.07,44.58,Male,21.71957333,-23.82061,1,,,
149.2,57.44,Female,-12.15042667,-10.96061,0,,,
169.48,48.83,Female,8.129573333,-19.57061,0,,,
147.86,63.9,Female,-13.49042667,-4.50061,0,,,
160.28,73.09,Female,-1.070426667,4.68939,0,,,
152.67,67.7,Female,-8.680426667,-0.70061,0,,,
134.26,78.99,Female,-27.09042667,10.58939,0,,,
162.76,62.14,Male,1.409573333,-6.26061,1,,,
138.77,68.58,Female,-22.58042667,0.17939,0,,,
143.48,61.89,Female,-17.87042667,-6.51061,0,,,
154.93,69.95,Female,-6.420426667,1.54939,0,,,
169.68,59.65,Female,8.329573333,-8.75061,0,,,
169.09,64.55,Male,7.739573333,-3.85061,1,,,
185.68,78.25,Male,24.32957333,9.84939,1,,,
180.83,88.58,Male,19.47957333,20.17939,1,,,
164.64,51.21,Female,3.289573333,-17.19061,0,,,
159.12,49.09,Female,-2.230426667,-19.31061,0,,,
169.21,70.76,Male,7.859573333,2.35939,1,,,
174.04,77.23,Male,12.68957333,8.82939,1,,,
186.64,92.33,Male,25.28957333,23.92939,1,,,
171.64,98.86,Male,10.28957333,30.45939,1,,,
177.3,83.42,Male,15.94957333,15.01939,1,,,
178.63,72.33,Male,17.27957333,3.92939,1,,,
159.88,67.46,Female,-1.470426667,-0.94061,0,,,
145.71,71.34,Female,-15.64042667,2.93939,0,,,
152.7,71.47,Female,-8.650426667,3.06939,0,,,
142.08,66.39,Female,-19.27042667,-2.01061,0,,,
166.21,94.03,Male,4.859573333,25.62939,1,,,
162.12,57.05,Male,0.769573333,-11.35061,1,,,
167.97,117.99,Male,6.619573333,49.58939,1,,,
177.4,74.85,Male,16.04957333,6.44939,1,,,
151.52,112.26,Male,-9.830426667,43.85939,1,,,
152.34,89.31,Male,-9.010426667,20.90939,1,,,
168.42,71.03,Male,7.069573333,2.62939,1,,,
157.24,50.57,Male,-4.110426667,-17.83061,1,,,
150.31,58.02,Female,-11.04042667,-10.38061,0,,,
158.86,70.53,Female,-2.490426667,2.12939,0,,,
152.18,56.75,Female,-9.170426667,-11.65061,0,,,
159.76,50.14,Female,-1.590426667,-18.26061,0,,,
168.3,75.95,Female,6.949573333,7.54939,0,,,
184.73,80.21,Male,23.37957333,11.80939,1,,,
172.27,62.98,Male,10.91957333,-5.42061,1,,,
156.96,45.51,Male,-4.390426667,-22.89061,1,,,
135.42,64.25,Female,-25.93042667,-4.15061,0,,,
148.56,61.13,Female,-12.79042667,-7.27061,0,,,
170.69,76.09,Male,9.339573333,7.68939,1,,,
176.34,83.36,Male,14.98957333,14.95939,1,,,
166.67,52.95,Male,5.319573333,-15.45061,1,,,
149.18,44.33,Female,-12.17042667,-24.07061,0,,,
120.8,68.32,Female,-40.55042667,-0.08061,0,,,
143.22,54.04,Female,-18.13042667,-14.36061,0,,,
165.45,71.84,Male,4.099573333,3.43939,1,,,
177.52,85.98,Male,16.16957333,17.57939,1,,,
158.46,65.47,Male,-2.890426667,-2.93061,1,,,
178.61,70.55,Male,17.25957333,2.14939,1,,,
161.48,58.29,Female,0.129573333,-10.11061,0,,,
161.8,51.32,Female,0.449573333,-17.08061,0,,,
141.98,71.51,Female,-19.37042667,3.10939,0,,,
175.43,86.07,Male,14.07957333,17.66939,1,,,
165.98,85.82,Male,4.629573333,17.41939,1,,,
179.95,114.66,Male,18.59957333,46.25939,1,,,
141.02,44.9,Female,-20.33042667,-23.50061,0,,,
159.94,39.74,Female,-1.410426667,-28.66061,0,,,
145.4,65.34,Female,-15.95042667,-3.06061,0,,,
154.1,63.4,Female,-7.250426667,-5.00061,0,,,
146.88,68.74,Female,-14.47042667,0.33939,0,,,
180.94,67.86,Male,19.58957333,-0.54061,1,,,
139.91,63.12,Female,-21.44042667,-5.28061,0,,,
151.58,61.55,Female,-9.770426667,-6.85061,0,,,
134.88,58.13,Female,-26.47042667,-10.27061,0,,,
169.7,59.92,Female,8.349573333,-8.48061,0,,,
143.37,62.85,Female,-17.98042667,-5.55061,0,,,
155.39,58.54,Female,-5.960426667,-9.86061,0,,,
177.03,80.75,Male,15.67957333,12.34939,1,,,
158.11,63.5,Male,-3.240426667,-4.90061,1,,,
159.38,71.62,Male,-1.970426667,3.21939,1,,,
147.17,52.04,Female,-14.18042667,-16.36061,0,,,
150.22,70.06,Female,-11.13042667,1.65939,0,,,
169.15,74.55,Female,7.799573333,6.14939,0,,,
138.73,77.14,Female,-22.62042667,8.73939,0,,,
149.13,58.33,Female,-12.22042667,-10.07061,0,,,
156.32,71.08,Female,-5.030426667,2.67939,0,,,
153.59,58.09,Female,-7.760426667,-10.31061,0,,,
148.94,68.53,Female,-12.41042667,0.12939,0,,,
160.67,80.7,Male,-0.680426667,12.29939,1,,,
178.09,81.46,Male,16.73957333,13.05939,1,,,
166.23,80.89,Male,4.879573333,12.48939,1,,,
163.97,87.43,Male,2.619573333,19.02939,1,,,
163.3,80.41,Male,1.949573333,12.00939,1,,,
161.67,67.7,Female,0.319573333,-0.70061,0,,,
147.06,86.08,Female,-14.29042667,17.67939,0,,,
165.19,55.64,Female,3.839573333,-12.76061,0,,,
167.94,54.95,Male,6.589573333,-13.45061,1,,,
172.8,72.34,Male,11.44957333,3.93939,1,,,
171.44,81.31,Male,10.08957333,12.90939,1,,,
170.52,65.59,Male,9.169573333,-2.81061,1,,,
163.31,82.1,Male,1.959573333,13.69939,1,,,
157.34,76.09,Female,-4.010426667,7.68939,0,,,
166.47,47.69,Male,5.119573333,-20.71061,1,,,
155.05,80.36,Female,-6.300426667,11.95939,0,,,
148.41,57.79,Female,-12.94042667,-10.61061,0,,,
158.99,64.42,Female,-2.360426667,-3.98061,0,,,
129.28,43.93,Female,-32.07042667,-24.47061,0,,,
184.01,75.74,Male,22.65957333,7.33939,1,,,
171.01,93.85,Male,9.659573333,25.44939,1,,,
153.2,57.93,Female,-8.150426667,-10.47061,0,,,
138.14,75.38,Female,-23.21042667,6.97939,0,,,
145.72,68.72,Female,-15.63042667,0.31939,0,,,
174.04,65.64,Male,12.68957333,-2.76061,1,,,
162.42,50.88,Male,1.069573333,-17.52061,1,,,
176.85,77.62,Male,15.49957333,9.21939,1,,,
158.66,57.77,Female,-2.690426667,-10.63061,0,,,
136.16,47.83,Female,-25.19042667,-20.57061,0,,,
147.61,58.13,Female,-13.74042667,-10.27061,0,,,
168,72.62,Female,6.649573333,4.21939,0,,,
168.77,56.64,Male,7.419573333,-11.76061,1,,,
178.42,80.35,Male,17.06957333,11.94939,1,,,
183.5,46.86,Male,22.14957333,-21.54061,1,,,
171.97,92.32,Male,10.61957333,23.91939,1,,,
161.67,102.05,Male,0.319573333,33.64939,1,,,
159.58,78.43,Male,-1.770426667,10.02939,1,,,
141.11,64.45,Female,-20.24042667,-3.95061,0,,,
172.58,74.29,Female,11.22957333,5.88939,0,,,
154.74,63.43,Female,-6.610426667,-4.97061,0,,,
171.75,71.82,Male,10.39957333,3.41939,1,,,
169.54,81.55,Male,8.189573333,13.14939,1,,,
176.37,58.79,Male,15.01957333,-9.61061,1,,,
175.22,81.25,Male,13.86957333,12.84939,1,,,
173.18,95.35,Male,11.82957333,26.94939,1,,,
178.01,68.02,Male,16.65957333,-0.38061,1,,,
168.74,100.77,Male,7.389573333,32.36939,1,,,
140.69,71.73,Female,-20.66042667,3.32939,0,,,
176.53,87.85,Male,15.17957333,19.44939,1,,,
164.33,103.08,Male,2.979573333,34.67939,1,,,
165.11,44.91,Female,3.759573333,-23.49061,0,,,
151.49,49.55,Female,-9.860426667,-18.85061,0,,,
163.31,56.25,Female,1.959573333,-12.15061,0,,,
178.5,28.41,Male,17.14957333,-39.99061,1,,,
154.56,72.63,Male,-6.790426667,4.22939,1,,,
174.48,72.16,Male,13.12957333,3.75939,1,,,
177.39,51.77,Male,16.03957333,-16.63061,1,,,
157.57,92.53,Male,-3.780426667,24.12939,1,,,
162.46,50.34,Male,1.109573333,-18.06061,1,,,
170.21,52.61,Male,8.859573333,-15.79061,1,,,
149.08,53.05,Female,-12.27042667,-15.35061,0,,,
149.01,40.94,Female,-12.34042667,-27.46061,0,,,
176.04,77.27,Female,14.68957333,8.86939,0,,,
157.11,58.97,Male,-4.240426667,-9.43061,1,,,
163.87,70.39,Male,2.519573333,1.98939,1,,,
160.44,64.33,Female,-0.910426667,-4.07061,0,,,
145.59,50.32,Female,-15.76042667,-18.08061,0,,,
148.01,75.94,Female,-13.34042667,7.53939,0,,,
159.46,56.97,Female,-1.890426667,-11.43061,0,,,
171.89,63.45,Male,10.53957333,-4.95061,1,,,
171.54,63.22,Male,10.18957333,-5.18061,1,,,
173.39,77.24,Male,12.03957333,8.83939,1,,,
165.6,93.66,Male,4.249573333,25.25939,1,,,
195.06,61.39,Male,33.70957333,-7.01061,1,,,
148.6,37.07,Female,-12.75042667,-31.33061,0,,,
136.76,75.62,Female,-24.59042667,7.21939,0,,,
148.44,70.39,Female,-12.91042667,1.98939,0,,,
140.3,54.89,Female,-21.05042667,-13.51061,0,,,
169.39,72.37,Male,8.039573333,3.96939,1,,,
176.7,107.82,Male,15.34957333,39.41939,1,,,
165.05,83.54,Male,3.699573333,15.13939,1,,,
138.93,32.98,Female,-22.42042667,-35.42061,0,,,
149.64,52.76,Female,-11.71042667,-15.64061,0,,,
151.87,73.36,Female,-9.480426667,4.95939,0,,,
164.88,71.56,Male,3.529573333,3.15939,1,,,
180.65,86.62,Male,19.29957333,18.21939,1,,,
167.57,55.88,Male,6.219573333,-12.52061,1,,,
149.48,60.8,Female,-11.87042667,-7.60061,0,,,
112.6,56.91,Female,-48.75042667,-11.49061,0,,,
157.19,50.16,Female,-4.160426667,-18.24061,0,,,
176.33,97.89,Male,14.97957333,29.48939,1,,,
161.04,57.94,Female,-0.310426667,-10.46061,0,,,
176.12,62.9,Female,14.76957333,-5.50061,0,,,
140.66,66.32,Female,-20.69042667,-2.08061,0,,,
166.56,62.92,Male,5.209573333,-5.48061,1,,,
183.13,58.46,Male,21.77957333,-9.94061,1,,,
186.27,50.47,Male,24.91957333,-17.93061,1,,,
162.21,78.54,Male,0.859573333,10.13939,1,,,
157.41,59.09,Female,-3.940426667,-9.31061,0,,,
138.12,67.53,Female,-23.23042667,-0.87061,0,,,
138.66,59.44,Female,-22.69042667,-8.96061,0,,,
146.85,68.51,Female,-14.50042667,0.10939,0,,,
170.75,59,Male,9.399573333,-9.40061,1,,,
152.72,50.52,Female,-8.630426667,-17.88061,0,,,
149.08,72.03,Female,-12.27042667,3.62939,0,,,
138.42,66.55,Female,-22.93042667,-1.85061,0,,,
170.79,52.4,Male,9.439573333,-16.00061,1,,,
151.23,78.01,Female,-10.12042667,9.60939,0,,,
146.43,53.91,Female,-14.92042667,-14.49061,0,,,
145.31,66.65,Female,-16.04042667,-1.75061,0,,,
153.97,51.43,Female,-7.380426667,-16.97061,0,,,
164.4,67.4,Male,3.049573333,-1.00061,1,,,
167.83,96.66,Male,6.479573333,28.25939,1,,,
183.48,69.07,Male,22.12957333,0.66939,1,,,
176.9,73.09,Male,15.54957333,4.68939,1,,,
165.64,63.64,Female,4.289573333,-4.76061,0,,,
149.6,66.08,Female,-11.75042667,-2.32061,0,,,
139.14,72.94,Female,-22.21042667,4.53939,0,,,
168.1,95.12,Male,6.749573333,26.71939,1,,,
156.65,39.17,Female,-4.700426667,-29.23061,0,,,
174.23,73.35,Male,12.87957333,4.94939,1,,,
167.6,117.97,Male,6.249573333,49.56939,1,,,
137.78,72.84,Female,-23.57042667,4.43939,0,,,
179.06,56.53,Male,17.70957333,-11.87061,1,,,
147.78,76.09,Female,-13.57042667,7.68939,0,,,
139.36,59.91,Female,-21.99042667,-8.49061,0,,,
155.53,60.62,Female,-5.820426667,-7.78061,0,,,
160.88,92.97,Male,-0.470426667,24.56939,1,,,
173.32,78.69,Male,11.96957333,10.28939,1,,,
174.43,83.66,Male,13.07957333,15.25939,1,,,
169.48,101.87,Male,8.129573333,33.46939,1,,,
173.62,45,Male,12.26957333,-23.40061,1,,,
164.68,86.33,Male,3.329573333,17.92939,1,,,
127.08,71.84,Female,-34.27042667,3.43939,0,,,
164.4,54.55,Male,3.049573333,-13.85061,1,,,
181.75,78.77,Male,20.39957333,10.36939,1,,,
165.99,52.71,Male,4.639573333,-15.69061,1,,,
176.72,87.76,Male,15.36957333,19.35939,1,,,
171.92,55.78,Male,10.56957333,-12.62061,1,,,
162.48,53.7,Female,1.129573333,-14.70061,0,,,
175.74,45.02,Male,14.38957333,-23.38061,1,,,
186.68,74.89,Male,25.32957333,6.48939,1,,,
175.23,96.23,Male,13.87957333,27.82939,1,,,
167.06,65.77,Male,5.709573333,-2.63061,1,,,
174.16,71.42,Male,12.80957333,3.01939,1,,,
155.45,88.55,Male,-5.900426667,20.14939,1,,,
155,66.4,Female,-6.350426667,-2.00061,0,,,
166.02,57.23,Female,4.669573333,-11.17061,0,,,
147.83,90.71,Female,-13.52042667,22.30939,0,,,
184.12,81.94,Male,22.76957333,13.53939,1,,,
180.95,75.16,Male,19.59957333,6.75939,1,,,
173.63,83.76,Male,12.27957333,15.35939,1,,,
159.42,73.89,Female,-1.930426667,5.48939,0,,,
135.96,80.92,Female,-25.39042667,12.51939,0,,,
149.68,84.6,Female,-11.67042667,16.19939,0,,,
147.62,46.63,Female,-13.73042667,-21.77061,0,,,
152.88,67.69,Female,-8.470426667,-0.71061,0,,,
192.61,92,Male,31.25957333,23.59939,1,,,
157.76,68.59,Male,-3.590426667,0.18939,1,,,
161.33,77.88,Male,-0.020426667,9.47939,1,,,
167.62,75.33,Male,6.269573333,6.92939,1,,,
170.1,83.31,Male,8.749573333,14.90939,1,,,
180.15,86.09,Male,18.79957333,17.68939,1,,,
151.96,83.89,Female,-9.390426667,15.48939,0,,,
131.39,68.11,Female,-29.96042667,-0.29061,0,,,
178.03,50.07,Male,16.67957333,-18.33061,1,,,
177.78,38.12,Male,16.42957333,-30.28061,1,,,
174.7,77,Male,13.34957333,8.59939,1,,,
139.64,78.61,Female,-21.71042667,10.20939,0,,,
161.43,77.58,Female,0.079573333,9.17939,0,,,
154.97,50.69,Female,-6.380426667,-17.71061,0,,,
148.75,51.79,Female,-12.60042667,-16.61061,0,,,
170.95,100.73,Male,9.599573333,32.32939,1,,,
188.43,71.09,Male,27.07957333,2.68939,1,,,
139.32,68.79,Female,-22.03042667,0.38939,0,,,
140.22,64.73,Female,-21.13042667,-3.67061,0,,,
139.23,33.14,Female,-22.12042667,-35.26061,0,,,
155.12,60.5,Female,-6.230426667,-7.90061,0,,,
120.81,73.17,Female,-40.54042667,4.76939,0,,,
172,50.71,Male,10.64957333,-17.69061,1,,,
152.9,68.13,Female,-8.450426667,-0.27061,0,,,
143.14,65.42,Female,-18.21042667,-2.98061,0,,,
171.71,37.68,Female,10.35957333,-30.72061,0,,,
189.09,71.61,Male,27.73957333,3.20939,1,,,
151.1,54.43,Female,-10.25042667,-13.97061,0,,,
157.61,51.74,Female,-3.740426667,-16.66061,0,,,
150.53,66.24,Female,-10.82042667,-2.16061,0,,,
177.49,61.9,Male,16.13957333,-6.50061,1,,,
147.88,62.07,Female,-13.47042667,-6.33061,0,,,
169.12,57.51,Female,7.769573333,-10.89061,0,,,
166.14,69.21,Male,4.789573333,0.80939,1,,,
154.83,68.02,Female,-6.520426667,-0.38061,0,,,
151.53,77.4,Female,-9.820426667,8.99939,0,,,
164.73,59.96,Male,3.379573333,-8.44061,1,,,
166.72,89.69,Male,5.369573333,21.28939,1,,,
180.72,58.74,Male,19.36957333,-9.66061,1,,,
153.22,49.79,Female,-8.130426667,-18.61061,0,,,
152.68,56.76,Female,-8.670426667,-11.64061,0,,,
133.68,62.67,Female,-27.67042667,-5.73061,0,,,
129.44,75.16,Female,-31.91042667,6.75939,0,,,
163.54,70.92,Female,2.189573333,2.51939,0,,,
133.8,48.81,Female,-27.55042667,-19.59061,0,,,
147.69,67.77,Female,-13.66042667,-0.63061,0,,,
168.8,86.93,Male,7.449573333,18.52939,1,,,
168.35,70.85,Male,6.999573333,2.44939,1,,,
154.36,63.51,Female,-6.990426667,-4.89061,0,,,
138.18,56.58,Female,-23.17042667,-11.82061,0,,,
154.37,53.74,Female,-6.980426667,-14.66061,0,,,
177.44,81.28,Male,16.08957333,12.87939,1,,,
173.58,83.58,Male,12.22957333,15.17939,1,,,
150.93,50.51,Male,-10.42042667,-17.89061,1,,,
170.98,81.95,Male,9.629573333,13.54939,1,,,
137.58,55.34,Female,-23.77042667,-13.06061,0,,,
177.32,86.52,Male,15.96957333,18.11939,1,,,
143.46,71.48,Female,-17.89042667,3.07939,0,,,
164.82,38.68,Female,3.469573333,-29.72061,0,,,
151.96,48.35,Female,-9.390426667,-20.05061,0,,,
153.71,71.63,Female,-7.640426667,3.22939,0,,,
167.92,72.89,Male,6.569573333,4.48939,1,,,
179.5,82.53,Male,18.14957333,14.12939,1,,,
149.41,50.36,Female,-11.94042667,-18.04061,0,,,
171.39,42.26,Female,10.03957333,-26.14061,0,,,
155.17,60.92,Female,-6.180426667,-7.48061,0,,,
179.27,64.73,Male,17.91957333,-3.67061,1,,,
180.41,83.92,Male,19.05957333,15.51939,1,,,
134.95,76.9,Female,-26.40042667,8.49939,0,,,
172.46,92.7,Male,11.10957333,24.29939,1,,,
168.88,75.05,Male,7.529573333,6.64939,1,,,
176.6,49.96,Male,15.24957333,-18.44061,1,,,
144.82,65.97,Female,-16.53042667,-2.43061,0,,,
162.4,45.28,Female,1.049573333,-23.12061,0,,,
188.23,85.81,Male,26.87957333,17.40939,1,,,
150.83,49.66,Female,-10.52042667,-18.74061,0,,,
157.09,64.34,Female,-4.260426667,-4.06061,0,,,
162.99,45.58,Female,1.639573333,-22.82061,0,,,
154.76,48.92,Female,-6.590426667,-19.48061,0,,,
185.08,82.74,Male,23.72957333,14.33939,1,,,
